time_ms,speed,gear,engineState,illuminance,rainAmount,doorFL,doorFR,doorRL,doorRR,lightSwitch,wiperSwitch
0,,,,,,DOOR_CLOSED,DOOR_CLOSED,DOOR_CLOSED,DOOR_CLOSED,LIGHT_AUTO,WIPER_SWITCH_AUTO
100,,,,,,DOOR_CLOSED,DOOR_CLOSED,DOOR_CLOSED,DOOR_CLOSED,LIGHT_AUTO,WIPER_SWITCH_AUTO
200,,,,,,DOOR_CLOSED,DOOR_CLOSED,DOOR_CLOSED,DOOR_CLOSED,LIGHT_AUTO,WIPER_SWITCH_AUTO
300,,,,,,DOOR_CLOSED,DOOR_CLOSED,DOOR_CLOSED,DOOR_CLOSED,LIGHT_AUTO,WIPER_SWITCH_AUTO
400,,,,,,DOOR_CLOSED,DOOR_CLOSED,DOOR_CLOSED,DOOR_CLOSED,LIGHT_AUTO,WIPER_SWITCH_AUTO
500,,,,,,DOOR_CLOSED,DOOR_CLOSED,DOOR_CLOSED,DOOR_CLOSED,LIGHT_AUTO,WIPER_SWITCH_AUTO
600,,,,,,DOOR_CLOSED,DOOR_CLOSED,DOOR_CLOSED,DOOR_CLOSED,LIGHT_AUTO,WIPER_SWITCH_AUTO
700,0,GEAR_P,ENGINE_OFF,20000,0,DOOR_CLOSED,DOOR_CLOSED,DOOR_CLOSED,DOOR_CLOSED,LIGHT_AUTO,WIPER_SWITCH_AUTO
800,0,GEAR_P,ENGINE_OFF,20000,0,DOOR_CLOSED,DOOR_CLOSED,DOOR_CLOSED,DOOR_CLOSED,LIGHT_AUTO,WIPER_SWITCH_AUTO
900,0,GEAR_P,ENGINE_OFF,20000,0,DOOR_CLOSED,DOOR_CLOSED,DOOR_CLOSED,DOOR_CLOSED,LIGHT_AUTO,WIPER_SWITCH_AUTO
1000,0,GEAR_P,ENGINE_OFF,20000,0,DOOR_CLOSED,DOOR_CLOSED,DOOR_CLOSED,DOOR_CLOSED,LIGHT_AUTO,WIPER_SWITCH_AUTO
1100,0,GEAR_P,ENGINE_OFF,20000,0,DOOR_CLOSED,DOOR_CLOSED,DOOR_CLOSED,DOOR_CLOSED,LIGHT_AUTO,WIPER_SWITCH_AUTO
1200,0,GEAR_P,ENGINE_OFF,20000,0,DOOR_CLOSED,DOOR_CLOSED,DOOR_CLOSED,DOOR_CLOSED,LIGHT_AUTO,WIPER_SWITCH_AUTO
1300,0,GEAR_P,ENGINE_OFF,20000,0,DOOR_CLOSED,DOOR_CLOSED,DOOR_CLOSED,DOOR_CLOSED,LIGHT_AUTO,WIPER_SWITCH_AUTO
1400,0,GEAR_P,ENGINE_OFF,20000,0,DOOR_CLOSED,DOOR_CLOSED,DOOR_CLOSED,DOOR_CLOSED,LIGHT_AUTO,WIPER_SWITCH_AUTO
1500,0,GEAR_P,ENGINE_OFF,20000,0,DOOR_CLOSED,DOOR_CLOSED,DOOR_CLOSED,DOOR_CLOSED,LIGHT_AUTO,WIPER_SWITCH_AUTO
1600,0,GEAR_P,ENGINE_OFF,20000,0,DOOR_CLOSED,DOOR_CLOSED,DOOR_CLOSED,DOOR_CLOSED,LIGHT_AUTO,WIPER_SWITCH_AUTO
1700,0,GEAR_P,ENGINE_OFF,20000,0,DOOR_CLOSED,DOOR_CLOSED,DOOR_CLOSED,DOOR_CLOSED,LIGHT_AUTO,WIPER_SWITCH_AUTO
1800,0,GEAR_P,ENGINE_OFF,20000,0,DOOR_CLOSED,DOOR_CLOSED,DOOR_CLOSED,DOOR_CLOSED,LIGHT_AUTO,WIPER_SWITCH_AUTO
1900,0,GEAR_P,ENGINE_OFF,20000,0,DOOR_CLOSED,DOOR_CLOSED,DOOR_CLOSED,DOOR_CLOSED,LIGHT_ON,WIPER_SWITCH_AUTO
2000,0,GEAR_P,ENGINE_OFF,20000,0,DOOR_CLOSED,DOOR_CLOSED,DOOR_CLOSED,DOOR_CLOSED,LIGHT_ON,WIPER_SWITCH_AUTO
2100,0,GEAR_P,ENGINE_OFF,20000,0,DOOR_CLOSED,DOOR_CLOSED,DOOR_CLOSED,DOOR_CLOSED,LIGHT_ON,WIPER_SWITCH_AUTO
2200,0,GEAR_P,ENGINE_OFF,20000,0,DOOR_CLOSED,DOOR_CLOSED,DOOR_CLOSED,DOOR_CLOSED,LIGHT_ON,WIPER_SWITCH_AUTO
2300,0,GEAR_P,ENGINE_OFF,20000,0,DOOR_CLOSED,DOOR_CLOSED,DOOR_CLOSED,DOOR_CLOSED,LIGHT_ON,WIPER_SWITCH_AUTO
2400,0,GEAR_P,ENGINE_ON,20000,0,DOOR_CLOSED,DOOR_CLOSED,DOOR_CLOSED,DOOR_CLOSED,LIGHT_ON,WIPER_SWITCH_AUTO
2500,0,GEAR_P,ENGINE_ON,20000,0,DOOR_CLOSED,DOOR_CLOSED,DOOR_CLOSED,DOOR_CLOSED,LIGHT_ON,WIPER_SWITCH_AUTO
2600,0,GEAR_P,ENGINE_ON,20000,0,DOOR_CLOSED,DOOR_CLOSED,DOOR_CLOSED,DOOR_CLOSED,LIGHT_ON,WIPER_SWITCH_AUTO
2700,0,GEAR_P,ENGINE_ON,20000,0,DOOR_CLOSED,DOOR_CLOSED,DOOR_CLOSED,DOOR_CLOSED,LIGHT_ON,WIPER_SWITCH_AUTO
2800,0,GEAR_P,ENGINE_ON,20000,0,DOOR_CLOSED,DOOR_CLOSED,DOOR_CLOSED,DOOR_CLOSED,LIGHT_ON,WIPER_SWITCH_AUTO
2900,0,GEAR_P,ENGINE_ON,20000,0,DOOR_CLOSED,DOOR_CLOSED,DOOR_CLOSED,DOOR_CLOSED,LIGHT_ON,WIPER_SWITCH_AUTO
3000,0,GEAR_P,ENGINE_ON,20000,0,DOOR_CLOSED,DOOR_CLOSED,DOOR_CLOSED,DOOR_CLOSED,LIGHT_ON,WIPER_SWITCH_AUTO
3100,0,GEAR_P,ENGINE_ON,20000,0,DOOR_CLOSED,DOOR_CLOSED,DOOR_CLOSED,DOOR_CLOSED,LIGHT_ON,WIPER_SWITCH_AUTO
3200,0,GEAR_P,ENGINE_ON,20000,0,DOOR_CLOSED,DOOR_CLOSED,DOOR_CLOSED,DOOR_CLOSED,LIGHT_ON,WIPER_SWITCH_AUTO
3300,0,GEAR_P,ENGINE_ON,20000,0,DOOR_CLOSED,DOOR_CLOSED,DOOR_CLOSED,DOOR_CLOSED,LIGHT_ON,WIPER_SWITCH_AUTO
3400,0,GEAR_P,ENGINE_ON,20000,0,DOOR_CLOSED,DOOR_CLOSED,DOOR_CLOSED,DOOR_CLOSED,LIGHT_OFF,WIPER_SWITCH_AUTO
3500,0,GEAR_P,ENGINE_ON,20000,0,DOOR_CLOSED,DOOR_CLOSED,DOOR_CLOSED,DOOR_CLOSED,LIGHT_OFF,WIPER_SWITCH_AUTO
3600,0,GEAR_P,ENGINE_ON,20000,0,DOOR_CLOSED,DOOR_CLOSED,DOOR_CLOSED,DOOR_CLOSED,LIGHT_OFF,WIPER_SWITCH_AUTO
3700,0,GEAR_P,ENGINE_ON,20000,0,DOOR_CLOSED,DOOR_CLOSED,DOOR_CLOSED,DOOR_CLOSED,LIGHT_OFF,WIPER_SWITCH_AUTO
3800,0,GEAR_P,ENGINE_ON,20000,0,DOOR_CLOSED,DOOR_CLOSED,DOOR_CLOSED,DOOR_CLOSED,LIGHT_OFF,WIPER_SWITCH_AUTO
3900,0,GEAR_P,ENGINE_ON,20000,0,DOOR_CLOSED,DOOR_CLOSED,DOOR_CLOSED,DOOR_CLOSED,LIGHT_OFF,WIPER_SWITCH_AUTO
4000,0,GEAR_P,ENGINE_ON,20000,0,DOOR_CLOSED,DOOR_CLOSED,DOOR_CLOSED,DOOR_CLOSED,LIGHT_OFF,WIPER_SWITCH_AUTO
4100,0,GEAR_P,ENGINE_ON,20000,0,DOOR_CLOSED,DOOR_CLOSED,DOOR_CLOSED,DOOR_CLOSED,LIGHT_OFF,WIPER_SWITCH_AUTO
4200,0,GEAR_P,ENGINE_ON,20000,0,DOOR_CLOSED,DOOR_CLOSED,DOOR_CLOSED,DOOR_CLOSED,LIGHT_OFF,WIPER_SWITCH_AUTO
4300,0,GEAR_P,ENGINE_ON,20000,0,DOOR_CLOSED,DOOR_CLOSED,DOOR_CLOSED,DOOR_CLOSED,LIGHT_OFF,WIPER_SWITCH_AUTO
4400,0,GEAR_P,ENGINE_ON,20000,0,DOOR_CLOSED,DOOR_CLOSED,DOOR_CLOSED,DOOR_CLOSED,LIGHT_AUTO,WIPER_SWITCH_AUTO
4500,0,GEAR_P,ENGINE_ON,20000,0,DOOR_CLOSED,DOOR_CLOSED,DOOR_CLOSED,DOOR_CLOSED,LIGHT_AUTO,WIPER_SWITCH_AUTO
4600,0,GEAR_P,ENGINE_ON,20000,0,DOOR_CLOSED,DOOR_CLOSED,DOOR_CLOSED,DOOR_CLOSED,LIGHT_AUTO,WIPER_SWITCH_AUTO
4700,0,GEAR_P,ENGINE_ON,20000,0,DOOR_CLOSED,DOOR_CLOSED,DOOR_CLOSED,DOOR_CLOSED,LIGHT_AUTO,WIPER_SWITCH_AUTO
4800,0,GEAR_P,ENGINE_ON,20000,0,DOOR_CLOSED,DOOR_CLOSED,DOOR_CLOSED,DOOR_CLOSED,LIGHT_AUTO,WIPER_SWITCH_AUTO
4900,0,GEAR_P,ENGINE_ON,20000,0,DOOR_CLOSED,DOOR_CLOSED,DOOR_CLOSED,DOOR_CLOSED,LIGHT_AUTO,WIPER_SWITCH_AUTO
5000,0,GEAR_P,ENGINE_ON,20000,0,DOOR_CLOSED,DOOR_CLOSED,DOOR_CLOSED,DOOR_CLOSED,LIGHT_AUTO,WIPER_SWITCH_AUTO
5100,0,GEAR_P,ENGINE_ON,20000,0,DOOR_CLOSED,DOOR_CLOSED,DOOR_CLOSED,DOOR_CLOSED,LIGHT_AUTO,WIPER_SWITCH_AUTO
5200,0,GEAR_P,ENGINE_ON,20000,0,DOOR_CLOSED,DOOR_CLOSED,DOOR_CLOSED,DOOR_CLOSED,LIGHT_AUTO,WIPER_SWITCH_AUTO
5300,0,GEAR_P,ENGINE_ON,20000,0,DOOR_CLOSED,DOOR_CLOSED,DOOR_CLOSED,DOOR_CLOSED,LIGHT_AUTO,WIPER_SWITCH_AUTO
5400,0,GEAR_P,ENGINE_ON,20000,0,DOOR_CLOSED,DOOR_CLOSED,DOOR_CLOSED,DOOR_CLOSED,LIGHT_AUTO,WIPER_SWITCH_AUTO
5500,0,GEAR_P,ENGINE_ON,20000,0,DOOR_CLOSED,DOOR_CLOSED,DOOR_CLOSED,DOOR_CLOSED,LIGHT_AUTO,WIPER_SWITCH_AUTO
5600,0,GEAR_P,ENGINE_ON,20000,0,DOOR_CLOSED,DOOR_CLOSED,DOOR_CLOSED,DOOR_CLOSED,LIGHT_AUTO,WIPER_SWITCH_AUTO
5700,0,GEAR_P,ENGINE_ON,20000,0,DOOR_CLOSED,DOOR_CLOSED,DOOR_CLOSED,DOOR_CLOSED,LIGHT_AUTO,WIPER_SWITCH_AUTO
5800,0,GEAR_P,ENGINE_ON,20000,0,DOOR_CLOSED,DOOR_CLOSED,DOOR_CLOSED,DOOR_CLOSED,LIGHT_AUTO,WIPER_SWITCH_AUTO
5900,0,GEAR_P,ENGINE_ON,20000,0,DOOR_CLOSED,DOOR_CLOSED,DOOR_CLOSED,DOOR_CLOSED,LIGHT_AUTO,WIPER_SWITCH_AUTO
6000,0,GEAR_P,ENGINE_ON,20000,0,DOOR_CLOSED,DOOR_CLOSED,DOOR_CLOSED,DOOR_CLOSED,LIGHT_AUTO,WIPER_SWITCH_AUTO
6100,0,GEAR_P,ENGINE_ON,20000,0,DOOR_CLOSED,DOOR_CLOSED,DOOR_CLOSED,DOOR_CLOSED,LIGHT_AUTO,WIPER_SWITCH_AUTO
6200,0,GEAR_P,ENGINE_ON,20000,0,DOOR_CLOSED,DOOR_CLOSED,DOOR_CLOSED,DOOR_CLOSED,LIGHT_AUTO,WIPER_SWITCH_AUTO
6300,0,GEAR_P,ENGINE_ON,20000,0,DOOR_CLOSED,DOOR_CLOSED,DOOR_CLOSED,DOOR_CLOSED,LIGHT_AUTO,WIPER_SWITCH_AUTO
6400,0,GEAR_P,ENGINE_ON,20000,0,DOOR_CLOSED,DOOR_CLOSED,DOOR_CLOSED,DOOR_CLOSED,LIGHT_AUTO,WIPER_SWITCH_AUTO
6500,0,GEAR_P,ENGINE_ON,20000,0,DOOR_CLOSED,DOOR_CLOSED,DOOR_CLOSED,DOOR_CLOSED,LIGHT_AUTO,WIPER_SWITCH_AUTO
6600,0,GEAR_P,ENGINE_ON,20000,0,DOOR_CLOSED,DOOR_CLOSED,DOOR_CLOSED,DOOR_CLOSED,LIGHT_AUTO,WIPER_SWITCH_AUTO
6700,0,GEAR_P,ENGINE_ON,20000,0,DOOR_CLOSED,DOOR_CLOSED,DOOR_CLOSED,DOOR_CLOSED,LIGHT_AUTO,WIPER_SWITCH_AUTO
6800,0,GEAR_P,ENGINE_ON,20000,0,DOOR_CLOSED,DOOR_CLOSED,DOOR_CLOSED,DOOR_CLOSED,LIGHT_AUTO,WIPER_SWITCH_AUTO
6900,0,GEAR_P,ENGINE_ON,20000,0,DOOR_CLOSED,DOOR_CLOSED,DOOR_CLOSED,DOOR_CLOSED,LIGHT_AUTO,WIPER_SWITCH_AUTO
7000,0,GEAR_P,ENGINE_ON,20000,0,DOOR_CLOSED,DOOR_CLOSED,DOOR_CLOSED,DOOR_CLOSED,LIGHT_AUTO,WIPER_SWITCH_AUTO
7100,0,GEAR_P,ENGINE_ON,20000,0,DOOR_CLOSED,DOOR_CLOSED,DOOR_CLOSED,DOOR_CLOSED,LIGHT_AUTO,WIPER_SWITCH_AUTO
7200,0,GEAR_P,ENGINE_ON,20000,0,DOOR_CLOSED,DOOR_CLOSED,DOOR_CLOSED,DOOR_CLOSED,LIGHT_AUTO,WIPER_SWITCH_AUTO
7300,0,GEAR_P,ENGINE_ON,20000,0,DOOR_CLOSED,DOOR_CLOSED,DOOR_CLOSED,DOOR_CLOSED,LIGHT_AUTO,WIPER_SWITCH_AUTO
7400,0,GEAR_P,ENGINE_ON,20000,0,DOOR_CLOSED,DOOR_CLOSED,DOOR_CLOSED,DOOR_CLOSED,LIGHT_AUTO,WIPER_SWITCH_AUTO
7500,0,GEAR_P,ENGINE_ON,20000,0,DOOR_CLOSED,DOOR_CLOSED,DOOR_CLOSED,DOOR_CLOSED,LIGHT_AUTO,WIPER_SWITCH_AUTO
7600,0,GEAR_P,ENGINE_ON,20000,0,DOOR_CLOSED,DOOR_CLOSED,DOOR_CLOSED,DOOR_CLOSED,LIGHT_AUTO,WIPER_SWITCH_AUTO
7700,0,GEAR_P,ENGINE_ON,20000,0,DOOR_CLOSED,DOOR_CLOSED,DOOR_CLOSED,DOOR_CLOSED,LIGHT_AUTO,WIPER_SWITCH_AUTO
7800,0,GEAR_P,ENGINE_ON,20000,0,DOOR_CLOSED,DOOR_CLOSED,DOOR_CLOSED,DOOR_CLOSED,LIGHT_AUTO,WIPER_SWITCH_AUTO
7900,0,GEAR_P,ENGINE_ON,999,0,DOOR_CLOSED,DOOR_CLOSED,DOOR_CLOSED,DOOR_CLOSED,LIGHT_AUTO,WIPER_SWITCH_AUTO
8000,0,GEAR_P,ENGINE_ON,999,0,DOOR_CLOSED,DOOR_CLOSED,DOOR_CLOSED,DOOR_CLOSED,LIGHT_AUTO,WIPER_SWITCH_AUTO
8100,0,GEAR_P,ENGINE_ON,999,0,DOOR_CLOSED,DOOR_CLOSED,DOOR_CLOSED,DOOR_CLOSED,LIGHT_AUTO,WIPER_SWITCH_AUTO
8200,0,GEAR_P,ENGINE_ON,999,0,DOOR_CLOSED,DOOR_CLOSED,DOOR_CLOSED,DOOR_CLOSED,LIGHT_AUTO,WIPER_SWITCH_AUTO
8300,0,GEAR_P,ENGINE_ON,999,0,DOOR_CLOSED,DOOR_CLOSED,DOOR_CLOSED,DOOR_CLOSED,LIGHT_AUTO,WIPER_SWITCH_AUTO
8400,0,GEAR_P,ENGINE_ON,999,0,DOOR_CLOSED,DOOR_CLOSED,DOOR_CLOSED,DOOR_CLOSED,LIGHT_AUTO,WIPER_SWITCH_AUTO
8500,0,GEAR_P,ENGINE_ON,999,0,DOOR_CLOSED,DOOR_CLOSED,DOOR_CLOSED,DOOR_CLOSED,LIGHT_AUTO,WIPER_SWITCH_AUTO
8600,0,GEAR_P,ENGINE_ON,999,0,DOOR_CLOSED,DOOR_CLOSED,DOOR_CLOSED,DOOR_CLOSED,LIGHT_AUTO,WIPER_SWITCH_AUTO
8700,0,GEAR_P,ENGINE_ON,999,0,DOOR_CLOSED,DOOR_CLOSED,DOOR_CLOSED,DOOR_CLOSED,LIGHT_AUTO,WIPER_SWITCH_AUTO
8800,0,GEAR_P,ENGINE_ON,1000,0,DOOR_CLOSED,DOOR_CLOSED,DOOR_CLOSED,DOOR_CLOSED,LIGHT_AUTO,WIPER_SWITCH_AUTO
8900,0,GEAR_P,ENGINE_ON,1000,0,DOOR_CLOSED,DOOR_CLOSED,DOOR_CLOSED,DOOR_CLOSED,LIGHT_AUTO,WIPER_SWITCH_AUTO
9000,0,GEAR_P,ENGINE_ON,1000,0,DOOR_CLOSED,DOOR_CLOSED,DOOR_CLOSED,DOOR_CLOSED,LIGHT_AUTO,WIPER_SWITCH_AUTO
9100,0,GEAR_P,ENGINE_ON,999,0,DOOR_CLOSED,DOOR_CLOSED,DOOR_CLOSED,DOOR_CLOSED,LIGHT_AUTO,WIPER_SWITCH_AUTO
9200,0,GEAR_P,ENGINE_ON,999,0,DOOR_CLOSED,DOOR_CLOSED,DOOR_CLOSED,DOOR_CLOSED,LIGHT_AUTO,WIPER_SWITCH_AUTO
9300,0,GEAR_P,ENGINE_ON,999,0,DOOR_CLOSED,DOOR_CLOSED,DOOR_CLOSED,DOOR_CLOSED,LIGHT_AUTO,WIPER_SWITCH_AUTO
9400,0,GEAR_P,ENGINE_ON,999,0,DOOR_CLOSED,DOOR_CLOSED,DOOR_CLOSED,DOOR_CLOSED,LIGHT_AUTO,WIPER_SWITCH_AUTO
9500,0,GEAR_P,ENGINE_ON,999,0,DOOR_CLOSED,DOOR_CLOSED,DOOR_CLOSED,DOOR_CLOSED,LIGHT_AUTO,WIPER_SWITCH_AUTO
9600,0,GEAR_P,ENGINE_ON,999,0,DOOR_CLOSED,DOOR_CLOSED,DOOR_CLOSED,DOOR_CLOSED,LIGHT_AUTO,WIPER_SWITCH_AUTO
9700,0,GEAR_P,ENGINE_ON,999,0,DOOR_CLOSED,DOOR_CLOSED,DOOR_CLOSED,DOOR_CLOSED,LIGHT_AUTO,WIPER_SWITCH_AUTO
9800,0,GEAR_P,ENGINE_ON,999,0,DOOR_CLOSED,DOOR_CLOSED,DOOR_CLOSED,DOOR_CLOSED,LIGHT_AUTO,WIPER_SWITCH_AUTO
9900,0,GEAR_P,ENGINE_ON,999,0,DOOR_CLOSED,DOOR_CLOSED,DOOR_CLOSED,DOOR_CLOSED,LIGHT_AUTO,WIPER_SWITCH_AUTO
10000,0,GEAR_P,ENGINE_ON,999,0,DOOR_CLOSED,DOOR_CLOSED,DOOR_CLOSED,DOOR_CLOSED,LIGHT_AUTO,WIPER_SWITCH_AUTO
10100,0,GEAR_P,ENGINE_ON,999,0,DOOR_CLOSED,DOOR_CLOSED,DOOR_CLOSED,DOOR_CLOSED,LIGHT_AUTO,WIPER_SWITCH_AUTO
10200,0,GEAR_P,ENGINE_ON,999,0,DOOR_CLOSED,DOOR_CLOSED,DOOR_CLOSED,DOOR_CLOSED,LIGHT_AUTO,WIPER_SWITCH_AUTO
10300,0,GEAR_P,ENGINE_ON,999,0,DOOR_CLOSED,DOOR_CLOSED,DOOR_CLOSED,DOOR_CLOSED,LIGHT_AUTO,WIPER_SWITCH_AUTO
10400,0,GEAR_P,ENGINE_ON,999,0,DOOR_CLOSED,DOOR_CLOSED,DOOR_CLOSED,DOOR_CLOSED,LIGHT_AUTO,WIPER_SWITCH_AUTO
10500,0,GEAR_P,ENGINE_ON,999,0,DOOR_CLOSED,DOOR_CLOSED,DOOR_CLOSED,DOOR_CLOSED,LIGHT_AUTO,WIPER_SWITCH_AUTO
10600,0,GEAR_P,ENGINE_ON,1500,0,DOOR_CLOSED,DOOR_CLOSED,DOOR_CLOSED,DOOR_CLOSED,LIGHT_AUTO,WIPER_SWITCH_AUTO
10700,0,GEAR_P,ENGINE_ON,1500,0,DOOR_CLOSED,DOOR_CLOSED,DOOR_CLOSED,DOOR_CLOSED,LIGHT_AUTO,WIPER_SWITCH_AUTO
10800,0,GEAR_P,ENGINE_ON,1500,0,DOOR_CLOSED,DOOR_CLOSED,DOOR_CLOSED,DOOR_CLOSED,LIGHT_AUTO,WIPER_SWITCH_AUTO
10900,0,GEAR_P,ENGINE_ON,1500,0,DOOR_CLOSED,DOOR_CLOSED,DOOR_CLOSED,DOOR_CLOSED,LIGHT_AUTO,WIPER_SWITCH_AUTO
11000,0,GEAR_P,ENGINE_ON,1500,0,DOOR_CLOSED,DOOR_CLOSED,DOOR_CLOSED,DOOR_CLOSED,LIGHT_AUTO,WIPER_SWITCH_AUTO
11100,0,GEAR_P,ENGINE_ON,1500,0,DOOR_CLOSED,DOOR_CLOSED,DOOR_CLOSED,DOOR_CLOSED,LIGHT_AUTO,WIPER_SWITCH_AUTO
11200,0,GEAR_P,ENGINE_ON,1500,0,DOOR_CLOSED,DOOR_CLOSED,DOOR_CLOSED,DOOR_CLOSED,LIGHT_AUTO,WIPER_SWITCH_AUTO
11300,0,GEAR_P,ENGINE_ON,1500,0,DOOR_CLOSED,DOOR_CLOSED,DOOR_CLOSED,DOOR_CLOSED,LIGHT_AUTO,WIPER_SWITCH_AUTO
11400,0,GEAR_P,ENGINE_ON,1500,0,DOOR_CLOSED,DOOR_CLOSED,DOOR_CLOSED,DOOR_CLOSED,LIGHT_AUTO,WIPER_SWITCH_AUTO
11500,0,GEAR_P,ENGINE_ON,1500,0,DOOR_CLOSED,DOOR_CLOSED,DOOR_CLOSED,DOOR_CLOSED,LIGHT_AUTO,WIPER_SWITCH_AUTO
11600,0,GEAR_P,ENGINE_ON,1501,0,DOOR_CLOSED,DOOR_CLOSED,DOOR_CLOSED,DOOR_CLOSED,LIGHT_AUTO,WIPER_SWITCH_AUTO
11700,0,GEAR_P,ENGINE_ON,1501,0,DOOR_CLOSED,DOOR_CLOSED,DOOR_CLOSED,DOOR_CLOSED,LIGHT_AUTO,WIPER_SWITCH_AUTO
11800,0,GEAR_P,ENGINE_ON,1501,0,DOOR_CLOSED,DOOR_CLOSED,DOOR_CLOSED,DOOR_CLOSED,LIGHT_AUTO,WIPER_SWITCH_AUTO
11900,0,GEAR_P,ENGINE_ON,1501,0,DOOR_CLOSED,DOOR_CLOSED,DOOR_CLOSED,DOOR_CLOSED,LIGHT_AUTO,WIPER_SWITCH_AUTO
12000,0,GEAR_P,ENGINE_ON,1501,0,DOOR_CLOSED,DOOR_CLOSED,DOOR_CLOSED,DOOR_CLOSED,LIGHT_AUTO,WIPER_SWITCH_AUTO
12100,0,GEAR_P,ENGINE_ON,1501,0,DOOR_CLOSED,DOOR_CLOSED,DOOR_CLOSED,DOOR_CLOSED,LIGHT_AUTO,WIPER_SWITCH_AUTO
12200,0,GEAR_P,ENGINE_ON,1501,0,DOOR_CLOSED,DOOR_CLOSED,DOOR_CLOSED,DOOR_CLOSED,LIGHT_AUTO,WIPER_SWITCH_AUTO
12300,0,GEAR_P,ENGINE_ON,1501,0,DOOR_CLOSED,DOOR_CLOSED,DOOR_CLOSED,DOOR_CLOSED,LIGHT_AUTO,WIPER_SWITCH_AUTO
12400,0,GEAR_P,ENGINE_ON,1501,0,DOOR_CLOSED,DOOR_CLOSED,DOOR_CLOSED,DOOR_CLOSED,LIGHT_AUTO,WIPER_SWITCH_AUTO
12500,0,GEAR_P,ENGINE_ON,1501,0,DOOR_CLOSED,DOOR_CLOSED,DOOR_CLOSED,DOOR_CLOSED,LIGHT_AUTO,WIPER_SWITCH_AUTO
12600,0,GEAR_P,ENGINE_ON,1501,0,DOOR_CLOSED,DOOR_CLOSED,DOOR_CLOSED,DOOR_CLOSED,LIGHT_AUTO,WIPER_SWITCH_AUTO
12700,0,GEAR_P,ENGINE_ON,1501,0,DOOR_CLOSED,DOOR_CLOSED,DOOR_CLOSED,DOOR_CLOSED,LIGHT_AUTO,WIPER_SWITCH_AUTO
12800,0,GEAR_P,ENGINE_ON,1501,0,DOOR_CLOSED,DOOR_CLOSED,DOOR_CLOSED,DOOR_CLOSED,LIGHT_AUTO,WIPER_SWITCH_AUTO
12900,0,GEAR_P,ENGINE_ON,1501,0,DOOR_CLOSED,DOOR_CLOSED,DOOR_CLOSED,DOOR_CLOSED,LIGHT_AUTO,WIPER_SWITCH_AUTO
13000,0,GEAR_P,ENGINE_ON,1501,0,DOOR_CLOSED,DOOR_CLOSED,DOOR_CLOSED,DOOR_CLOSED,LIGHT_AUTO,WIPER_SWITCH_AUTO
13100,0,GEAR_P,ENGINE_ON,1501,0,DOOR_CLOSED,DOOR_CLOSED,DOOR_CLOSED,DOOR_CLOSED,LIGHT_AUTO,WIPER_SWITCH_AUTO
13200,0,GEAR_P,ENGINE_ON,1501,0,DOOR_CLOSED,DOOR_CLOSED,DOOR_CLOSED,DOOR_CLOSED,LIGHT_AUTO,WIPER_SWITCH_AUTO
13300,0,GEAR_P,ENGINE_ON,1501,0,DOOR_CLOSED,DOOR_CLOSED,DOOR_CLOSED,DOOR_CLOSED,LIGHT_AUTO,WIPER_SWITCH_AUTO
13400,0,GEAR_P,ENGINE_ON,1501,0,DOOR_CLOSED,DOOR_CLOSED,DOOR_CLOSED,DOOR_CLOSED,LIGHT_AUTO,WIPER_SWITCH_AUTO
13500,0,GEAR_P,ENGINE_ON,1501,0,DOOR_CLOSED,DOOR_CLOSED,DOOR_CLOSED,DOOR_CLOSED,LIGHT_AUTO,WIPER_SWITCH_AUTO
13600,0,GEAR_P,ENGINE_ON,1501,0,DOOR_CLOSED,DOOR_CLOSED,DOOR_CLOSED,DOOR_CLOSED,LIGHT_AUTO,WIPER_SWITCH_AUTO
13700,0,GEAR_P,ENGINE_ON,1501,0,DOOR_CLOSED,DOOR_CLOSED,DOOR_CLOSED,DOOR_CLOSED,LIGHT_AUTO,WIPER_SWITCH_AUTO
13800,0,GEAR_P,ENGINE_ON,1501,0,DOOR_CLOSED,DOOR_CLOSED,DOOR_CLOSED,DOOR_CLOSED,LIGHT_AUTO,WIPER_SWITCH_AUTO
13900,0,GEAR_P,ENGINE_ON,1501,0,DOOR_CLOSED,DOOR_CLOSED,DOOR_CLOSED,DOOR_CLOSED,LIGHT_AUTO,WIPER_SWITCH_AUTO
14000,0,GEAR_P,ENGINE_ON,1501,0,DOOR_CLOSED,DOOR_CLOSED,DOOR_CLOSED,DOOR_CLOSED,LIGHT_AUTO,WIPER_SWITCH_AUTO
14100,0,GEAR_P,ENGINE_ON,1501,0,DOOR_CLOSED,DOOR_CLOSED,DOOR_CLOSED,DOOR_CLOSED,LIGHT_AUTO,WIPER_SWITCH_AUTO
14200,0,GEAR_P,ENGINE_ON,1501,0,DOOR_CLOSED,DOOR_CLOSED,DOOR_CLOSED,DOOR_CLOSED,LIGHT_AUTO,WIPER_SWITCH_AUTO
14300,0,GEAR_P,ENGINE_ON,1501,0,DOOR_CLOSED,DOOR_CLOSED,DOOR_CLOSED,DOOR_CLOSED,LIGHT_AUTO,WIPER_SWITCH_AUTO
14400,0,GEAR_P,ENGINE_ON,1501,0,DOOR_CLOSED,DOOR_CLOSED,DOOR_CLOSED,DOOR_CLOSED,LIGHT_AUTO,WIPER_SWITCH_AUTO
14500,0,GEAR_P,ENGINE_ON,1200,0,DOOR_CLOSED,DOOR_CLOSED,DOOR_CLOSED,DOOR_CLOSED,LIGHT_AUTO,WIPER_SWITCH_AUTO
14600,0,GEAR_P,ENGINE_ON,1200,0,DOOR_CLOSED,DOOR_CLOSED,DOOR_CLOSED,DOOR_CLOSED,LIGHT_AUTO,WIPER_SWITCH_AUTO
14700,0,GEAR_P,ENGINE_ON,1200,0,DOOR_CLOSED,DOOR_CLOSED,DOOR_CLOSED,DOOR_CLOSED,LIGHT_AUTO,WIPER_SWITCH_AUTO
14800,0,GEAR_P,ENGINE_ON,1501,0,DOOR_CLOSED,DOOR_CLOSED,DOOR_CLOSED,DOOR_CLOSED,LIGHT_AUTO,WIPER_SWITCH_AUTO
14900,0,GEAR_P,ENGINE_ON,1501,0,DOOR_CLOSED,DOOR_CLOSED,DOOR_CLOSED,DOOR_CLOSED,LIGHT_AUTO,WIPER_SWITCH_AUTO
15000,0,GEAR_P,ENGINE_ON,1501,0,DOOR_CLOSED,DOOR_CLOSED,DOOR_CLOSED,DOOR_CLOSED,LIGHT_AUTO,WIPER_SWITCH_AUTO
15100,0,GEAR_P,ENGINE_ON,1501,0,DOOR_CLOSED,DOOR_CLOSED,DOOR_CLOSED,DOOR_CLOSED,LIGHT_AUTO,WIPER_SWITCH_AUTO
15200,0,GEAR_P,ENGINE_ON,1501,0,DOOR_CLOSED,DOOR_CLOSED,DOOR_CLOSED,DOOR_CLOSED,LIGHT_AUTO,WIPER_SWITCH_AUTO
15300,0,GEAR_P,ENGINE_ON,1501,0,DOOR_CLOSED,DOOR_CLOSED,DOOR_CLOSED,DOOR_CLOSED,LIGHT_AUTO,WIPER_SWITCH_AUTO
15400,0,GEAR_P,ENGINE_ON,1501,0,DOOR_CLOSED,DOOR_CLOSED,DOOR_CLOSED,DOOR_CLOSED,LIGHT_AUTO,WIPER_SWITCH_AUTO
15500,0,GEAR_P,ENGINE_ON,1501,0,DOOR_CLOSED,DOOR_CLOSED,DOOR_CLOSED,DOOR_CLOSED,LIGHT_AUTO,WIPER_SWITCH_AUTO
15600,0,GEAR_P,ENGINE_ON,1501,0,DOOR_CLOSED,DOOR_CLOSED,DOOR_CLOSED,DOOR_CLOSED,LIGHT_AUTO,WIPER_SWITCH_AUTO
15700,0,GEAR_P,ENGINE_ON,1501,0,DOOR_CLOSED,DOOR_CLOSED,DOOR_CLOSED,DOOR_CLOSED,LIGHT_AUTO,WIPER_SWITCH_AUTO
15800,0,GEAR_P,ENGINE_ON,1501,0,DOOR_CLOSED,DOOR_CLOSED,DOOR_CLOSED,DOOR_CLOSED,LIGHT_AUTO,WIPER_SWITCH_AUTO
15900,0,GEAR_P,ENGINE_ON,1501,0,DOOR_CLOSED,DOOR_CLOSED,DOOR_CLOSED,DOOR_CLOSED,LIGHT_AUTO,WIPER_SWITCH_AUTO
16000,0,GEAR_P,ENGINE_ON,1501,0,DOOR_CLOSED,DOOR_CLOSED,DOOR_CLOSED,DOOR_CLOSED,LIGHT_AUTO,WIPER_SWITCH_AUTO
16100,0,GEAR_P,ENGINE_ON,1501,0,DOOR_CLOSED,DOOR_CLOSED,DOOR_CLOSED,DOOR_CLOSED,LIGHT_AUTO,WIPER_SWITCH_AUTO
16200,0,GEAR_P,ENGINE_ON,1501,0,DOOR_CLOSED,DOOR_CLOSED,DOOR_CLOSED,DOOR_CLOSED,LIGHT_AUTO,WIPER_SWITCH_AUTO
16300,0,GEAR_P,ENGINE_ON,1501,0,DOOR_CLOSED,DOOR_CLOSED,DOOR_CLOSED,DOOR_CLOSED,LIGHT_AUTO,WIPER_SWITCH_AUTO
16400,0,GEAR_P,ENGINE_ON,1501,0,DOOR_CLOSED,DOOR_CLOSED,DOOR_CLOSED,DOOR_CLOSED,LIGHT_AUTO,WIPER_SWITCH_AUTO
16500,0,GEAR_P,ENGINE_ON,1501,0,DOOR_CLOSED,DOOR_CLOSED,DOOR_CLOSED,DOOR_CLOSED,LIGHT_AUTO,WIPER_SWITCH_AUTO
16600,0,GEAR_P,ENGINE_ON,1501,0,DOOR_CLOSED,DOOR_CLOSED,DOOR_CLOSED,DOOR_CLOSED,LIGHT_AUTO,WIPER_SWITCH_AUTO
16700,0,GEAR_P,ENGINE_ON,1501,0,DOOR_CLOSED,DOOR_CLOSED,DOOR_CLOSED,DOOR_CLOSED,LIGHT_AUTO,WIPER_SWITCH_AUTO
16800,0,GEAR_P,ENGINE_ON,1501,0,DOOR_CLOSED,DOOR_CLOSED,DOOR_CLOSED,DOOR_CLOSED,LIGHT_AUTO,WIPER_SWITCH_AUTO
16900,0,GEAR_P,ENGINE_ON,1501,0,DOOR_CLOSED,DOOR_CLOSED,DOOR_CLOSED,DOOR_CLOSED,LIGHT_AUTO,WIPER_SWITCH_AUTO
17000,0,GEAR_P,ENGINE_ON,1501,0,DOOR_CLOSED,DOOR_CLOSED,DOOR_CLOSED,DOOR_CLOSED,LIGHT_AUTO,WIPER_SWITCH_AUTO
17100,0,GEAR_P,ENGINE_ON,1501,0,DOOR_CLOSED,DOOR_CLOSED,DOOR_CLOSED,DOOR_CLOSED,LIGHT_AUTO,WIPER_SWITCH_AUTO
17200,0,GEAR_P,ENGINE_ON,1501,0,DOOR_CLOSED,DOOR_CLOSED,DOOR_CLOSED,DOOR_CLOSED,LIGHT_AUTO,WIPER_SWITCH_AUTO
17300,0,GEAR_P,ENGINE_ON,1501,0,DOOR_CLOSED,DOOR_CLOSED,DOOR_CLOSED,DOOR_CLOSED,LIGHT_AUTO,WIPER_SWITCH_AUTO
17400,0,GEAR_P,ENGINE_ON,1501,0,DOOR_CLOSED,DOOR_CLOSED,DOOR_CLOSED,DOOR_CLOSED,LIGHT_AUTO,WIPER_SWITCH_AUTO
17500,0,GEAR_P,ENGINE_ON,1501,0,DOOR_CLOSED,DOOR_CLOSED,DOOR_CLOSED,DOOR_CLOSED,LIGHT_AUTO,WIPER_SWITCH_AUTO
17600,0,GEAR_P,ENGINE_ON,1501,0,DOOR_CLOSED,DOOR_CLOSED,DOOR_CLOSED,DOOR_CLOSED,LIGHT_AUTO,WIPER_SWITCH_AUTO
17700,0,GEAR_P,ENGINE_ON,1501,0,DOOR_CLOSED,DOOR_CLOSED,DOOR_CLOSED,DOOR_CLOSED,LIGHT_AUTO,WIPER_SWITCH_AUTO
17800,0,GEAR_P,ENGINE_ON,1501,0,DOOR_CLOSED,DOOR_CLOSED,DOOR_CLOSED,DOOR_CLOSED,LIGHT_AUTO,WIPER_SWITCH_AUTO
17900,0,GEAR_P,ENGINE_ON,1501,0,DOOR_CLOSED,DOOR_CLOSED,DOOR_CLOSED,DOOR_CLOSED,LIGHT_AUTO,WIPER_SWITCH_AUTO
18000,0,GEAR_P,ENGINE_ON,1501,0,DOOR_CLOSED,DOOR_CLOSED,DOOR_CLOSED,DOOR_CLOSED,LIGHT_AUTO,WIPER_SWITCH_AUTO
18100,0,GEAR_P,ENGINE_ON,1501,0,DOOR_CLOSED,DOOR_CLOSED,DOOR_CLOSED,DOOR_CLOSED,LIGHT_AUTO,WIPER_SWITCH_AUTO
18200,0,GEAR_P,ENGINE_ON,1501,0,DOOR_CLOSED,DOOR_CLOSED,DOOR_CLOSED,DOOR_CLOSED,LIGHT_AUTO,WIPER_SWITCH_AUTO
18300,0,GEAR_P,ENGINE_ON,60001,0,DOOR_CLOSED,DOOR_CLOSED,DOOR_CLOSED,DOOR_CLOSED,LIGHT_AUTO,WIPER_SWITCH_AUTO
18400,0,GEAR_P,ENGINE_ON,60001,0,DOOR_CLOSED,DOOR_CLOSED,DOOR_CLOSED,DOOR_CLOSED,LIGHT_AUTO,WIPER_SWITCH_AUTO
18500,0,GEAR_P,ENGINE_ON,60001,0,DOOR_CLOSED,DOOR_CLOSED,DOOR_CLOSED,DOOR_CLOSED,LIGHT_AUTO,WIPER_SWITCH_AUTO
18600,0,GEAR_P,ENGINE_ON,60001,0,DOOR_CLOSED,DOOR_CLOSED,DOOR_CLOSED,DOOR_CLOSED,LIGHT_AUTO,WIPER_SWITCH_AUTO
18700,0,GEAR_P,ENGINE_ON,60001,0,DOOR_CLOSED,DOOR_CLOSED,DOOR_CLOSED,DOOR_CLOSED,LIGHT_AUTO,WIPER_SWITCH_AUTO
18800,0,GEAR_P,ENGINE_ON,60001,0,DOOR_CLOSED,DOOR_CLOSED,DOOR_CLOSED,DOOR_CLOSED,LIGHT_AUTO,WIPER_SWITCH_AUTO
18900,0,GEAR_P,ENGINE_ON,60001,0,DOOR_CLOSED,DOOR_CLOSED,DOOR_CLOSED,DOOR_CLOSED,LIGHT_AUTO,WIPER_SWITCH_AUTO
19000,0,GEAR_P,ENGINE_ON,60001,0,DOOR_CLOSED,DOOR_CLOSED,DOOR_CLOSED,DOOR_CLOSED,LIGHT_AUTO,WIPER_SWITCH_AUTO
19100,0,GEAR_P,ENGINE_ON,60001,0,DOOR_CLOSED,DOOR_CLOSED,DOOR_CLOSED,DOOR_CLOSED,LIGHT_AUTO,WIPER_SWITCH_AUTO
19200,0,GEAR_P,ENGINE_ON,60001,0,DOOR_CLOSED,DOOR_CLOSED,DOOR_CLOSED,DOOR_CLOSED,LIGHT_AUTO,WIPER_SWITCH_AUTO
19300,0,GEAR_P,ENGINE_ON,-1,0,DOOR_CLOSED,DOOR_CLOSED,DOOR_CLOSED,DOOR_CLOSED,LIGHT_AUTO,WIPER_SWITCH_AUTO
19400,0,GEAR_P,ENGINE_ON,-1,0,DOOR_CLOSED,DOOR_CLOSED,DOOR_CLOSED,DOOR_CLOSED,LIGHT_AUTO,WIPER_SWITCH_AUTO
19500,0,GEAR_P,ENGINE_ON,-1,0,DOOR_CLOSED,DOOR_CLOSED,DOOR_CLOSED,DOOR_CLOSED,LIGHT_AUTO,WIPER_SWITCH_AUTO
19600,0,GEAR_P,ENGINE_ON,-1,0,DOOR_CLOSED,DOOR_CLOSED,DOOR_CLOSED,DOOR_CLOSED,LIGHT_AUTO,WIPER_SWITCH_AUTO
19700,0,GEAR_P,ENGINE_ON,-1,0,DOOR_CLOSED,DOOR_CLOSED,DOOR_CLOSED,DOOR_CLOSED,LIGHT_AUTO,WIPER_SWITCH_AUTO
19800,0,GEAR_P,ENGINE_ON,-1,0,DOOR_CLOSED,DOOR_CLOSED,DOOR_CLOSED,DOOR_CLOSED,LIGHT_AUTO,WIPER_SWITCH_AUTO
19900,0,GEAR_P,ENGINE_ON,-1,0,DOOR_CLOSED,DOOR_CLOSED,DOOR_CLOSED,DOOR_CLOSED,LIGHT_AUTO,WIPER_SWITCH_AUTO
20000,0,GEAR_P,ENGINE_ON,-1,0,DOOR_CLOSED,DOOR_CLOSED,DOOR_CLOSED,DOOR_CLOSED,LIGHT_AUTO,WIPER_SWITCH_AUTO
20100,0,GEAR_P,ENGINE_ON,-1,0,DOOR_CLOSED,DOOR_CLOSED,DOOR_CLOSED,DOOR_CLOSED,LIGHT_AUTO,WIPER_SWITCH_AUTO
20200,0,GEAR_P,ENGINE_ON,-1,0,DOOR_CLOSED,DOOR_CLOSED,DOOR_CLOSED,DOOR_CLOSED,LIGHT_AUTO,WIPER_SWITCH_AUTO
20300,0,GEAR_P,ENGINE_ON,60000,0,DOOR_CLOSED,DOOR_CLOSED,DOOR_CLOSED,DOOR_CLOSED,LIGHT_AUTO,WIPER_SWITCH_AUTO
20400,0,GEAR_P,ENGINE_ON,60000,0,DOOR_CLOSED,DOOR_CLOSED,DOOR_CLOSED,DOOR_CLOSED,LIGHT_AUTO,WIPER_SWITCH_AUTO
20500,0,GEAR_P,ENGINE_ON,60000,0,DOOR_CLOSED,DOOR_CLOSED,DOOR_CLOSED,DOOR_CLOSED,LIGHT_AUTO,WIPER_SWITCH_AUTO
20600,0,GEAR_P,ENGINE_ON,60000,0,DOOR_CLOSED,DOOR_CLOSED,DOOR_CLOSED,DOOR_CLOSED,LIGHT_AUTO,WIPER_SWITCH_AUTO
20700,0,GEAR_P,ENGINE_ON,60000,0,DOOR_CLOSED,DOOR_CLOSED,DOOR_CLOSED,DOOR_CLOSED,LIGHT_AUTO,WIPER_SWITCH_AUTO
20800,0,GEAR_P,ENGINE_ON,60000,0,DOOR_CLOSED,DOOR_CLOSED,DOOR_CLOSED,DOOR_CLOSED,LIGHT_AUTO,WIPER_SWITCH_AUTO
20900,0,GEAR_P,ENGINE_ON,60000,0,DOOR_CLOSED,DOOR_CLOSED,DOOR_CLOSED,DOOR_CLOSED,LIGHT_AUTO,WIPER_SWITCH_AUTO
21000,0,GEAR_P,ENGINE_ON,60000,0,DOOR_CLOSED,DOOR_CLOSED,DOOR_CLOSED,DOOR_CLOSED,LIGHT_AUTO,WIPER_SWITCH_AUTO
21100,0,GEAR_P,ENGINE_ON,60000,0,DOOR_CLOSED,DOOR_CLOSED,DOOR_CLOSED,DOOR_CLOSED,LIGHT_AUTO,WIPER_SWITCH_AUTO
21200,0,GEAR_P,ENGINE_ON,60000,0,DOOR_CLOSED,DOOR_CLOSED,DOOR_CLOSED,DOOR_CLOSED,LIGHT_AUTO,WIPER_SWITCH_AUTO
21300,0,GEAR_P,ENGINE_ON,60000,0,DOOR_CLOSED,DOOR_CLOSED,DOOR_CLOSED,DOOR_CLOSED,LIGHT_AUTO,WIPER_SWITCH_AUTO
21400,0,GEAR_P,ENGINE_ON,60000,0,DOOR_CLOSED,DOOR_CLOSED,DOOR_CLOSED,DOOR_CLOSED,LIGHT_AUTO,WIPER_SWITCH_AUTO
21500,0,GEAR_P,ENGINE_ON,60000,0,DOOR_CLOSED,DOOR_CLOSED,DOOR_CLOSED,DOOR_CLOSED,LIGHT_AUTO,WIPER_SWITCH_AUTO
21600,0,GEAR_P,ENGINE_ON,60000,0,DOOR_CLOSED,DOOR_CLOSED,DOOR_CLOSED,DOOR_CLOSED,LIGHT_AUTO,WIPER_SWITCH_AUTO
21700,0,GEAR_P,ENGINE_ON,60000,0,DOOR_CLOSED,DOOR_CLOSED,DOOR_CLOSED,DOOR_CLOSED,LIGHT_AUTO,WIPER_SWITCH_AUTO
21800,0,GEAR_P,ENGINE_ON,60000,0,DOOR_CLOSED,DOOR_CLOSED,DOOR_CLOSED,DOOR_CLOSED,LIGHT_AUTO,WIPER_SWITCH_AUTO
21900,0,GEAR_P,ENGINE_ON,60000,0,DOOR_CLOSED,DOOR_CLOSED,DOOR_CLOSED,DOOR_CLOSED,LIGHT_AUTO,WIPER_SWITCH_AUTO
22000,0,GEAR_P,ENGINE_ON,60000,0,DOOR_CLOSED,DOOR_CLOSED,DOOR_CLOSED,DOOR_CLOSED,LIGHT_AUTO,WIPER_SWITCH_AUTO
22100,0,GEAR_P,ENGINE_ON,60000,0,DOOR_CLOSED,DOOR_CLOSED,DOOR_CLOSED,DOOR_CLOSED,LIGHT_AUTO,WIPER_SWITCH_AUTO
22200,0,GEAR_P,ENGINE_ON,60000,0,DOOR_CLOSED,DOOR_CLOSED,DOOR_CLOSED,DOOR_CLOSED,LIGHT_AUTO,WIPER_SWITCH_AUTO
22300,0,GEAR_P,ENGINE_ON,60000,0,DOOR_CLOSED,DOOR_CLOSED,DOOR_CLOSED,DOOR_CLOSED,LIGHT_AUTO,WIPER_SWITCH_AUTO
22400,0,GEAR_P,ENGINE_ON,60000,0,DOOR_CLOSED,DOOR_CLOSED,DOOR_CLOSED,DOOR_CLOSED,LIGHT_AUTO,WIPER_SWITCH_AUTO
22500,0,GEAR_P,ENGINE_ON,60000,0,DOOR_CLOSED,DOOR_CLOSED,DOOR_CLOSED,DOOR_CLOSED,LIGHT_AUTO,WIPER_SWITCH_AUTO
22600,0,GEAR_P,ENGINE_ON,60000,0,DOOR_CLOSED,DOOR_CLOSED,DOOR_CLOSED,DOOR_CLOSED,LIGHT_AUTO,WIPER_SWITCH_AUTO
22700,0,GEAR_P,ENGINE_ON,60000,0,DOOR_CLOSED,DOOR_CLOSED,DOOR_CLOSED,DOOR_CLOSED,LIGHT_AUTO,WIPER_SWITCH_AUTO
22800,0,GEAR_P,ENGINE_ON,60000,0,DOOR_CLOSED,DOOR_CLOSED,DOOR_CLOSED,DOOR_CLOSED,LIGHT_AUTO,WIPER_SWITCH_AUTO
22900,0,GEAR_P,ENGINE_ON,60000,0,DOOR_CLOSED,DOOR_CLOSED,DOOR_CLOSED,DOOR_CLOSED,LIGHT_AUTO,WIPER_SWITCH_AUTO
23000,0,GEAR_P,ENGINE_ON,60000,0,DOOR_CLOSED,DOOR_CLOSED,DOOR_CLOSED,DOOR_CLOSED,LIGHT_AUTO,WIPER_SWITCH_AUTO
23100,0,GEAR_P,ENGINE_ON,60000,0,DOOR_CLOSED,DOOR_CLOSED,DOOR_CLOSED,DOOR_CLOSED,LIGHT_AUTO,WIPER_SWITCH_AUTO
23200,0,GEAR_P,ENGINE_ON,60000,0,DOOR_CLOSED,DOOR_CLOSED,DOOR_CLOSED,DOOR_CLOSED,LIGHT_AUTO,WIPER_SWITCH_AUTO
23300,0,GEAR_P,ENGINE_ON,60000,0,DOOR_CLOSED,DOOR_CLOSED,DOOR_CLOSED,DOOR_CLOSED,LIGHT_AUTO,WIPER_SWITCH_AUTO
23400,0,GEAR_P,ENGINE_ON,60000,0,DOOR_CLOSED,DOOR_CLOSED,DOOR_CLOSED,DOOR_CLOSED,LIGHT_AUTO,WIPER_SWITCH_AUTO
23500,0,GEAR_P,ENGINE_ON,60000,0,DOOR_CLOSED,DOOR_CLOSED,DOOR_CLOSED,DOOR_CLOSED,LIGHT_AUTO,WIPER_SWITCH_AUTO
23600,0,GEAR_P,ENGINE_ON,60000,0,DOOR_CLOSED,DOOR_CLOSED,DOOR_CLOSED,DOOR_CLOSED,LIGHT_AUTO,WIPER_SWITCH_AUTO
23700,0,GEAR_P,ENGINE_ON,60000,0,DOOR_CLOSED,DOOR_CLOSED,DOOR_CLOSED,DOOR_CLOSED,LIGHT_AUTO,WIPER_SWITCH_AUTO
23800,0,GEAR_P,ENGINE_ON,,0,DOOR_CLOSED,DOOR_CLOSED,DOOR_CLOSED,DOOR_CLOSED,LIGHT_AUTO,WIPER_SWITCH_AUTO
23900,0,GEAR_P,ENGINE_ON,,0,DOOR_CLOSED,DOOR_CLOSED,DOOR_CLOSED,DOOR_CLOSED,LIGHT_AUTO,WIPER_SWITCH_AUTO
24000,0,GEAR_P,ENGINE_ON,,0,DOOR_CLOSED,DOOR_CLOSED,DOOR_CLOSED,DOOR_CLOSED,LIGHT_AUTO,WIPER_SWITCH_AUTO
24100,0,GEAR_P,ENGINE_ON,,0,DOOR_CLOSED,DOOR_CLOSED,DOOR_CLOSED,DOOR_CLOSED,LIGHT_AUTO,WIPER_SWITCH_AUTO
24200,0,GEAR_P,ENGINE_ON,,0,DOOR_CLOSED,DOOR_CLOSED,DOOR_CLOSED,DOOR_CLOSED,LIGHT_AUTO,WIPER_SWITCH_AUTO
24300,0,GEAR_P,ENGINE_ON,,0,DOOR_CLOSED,DOOR_CLOSED,DOOR_CLOSED,DOOR_CLOSED,LIGHT_AUTO,WIPER_SWITCH_AUTO
24400,0,GEAR_P,ENGINE_ON,20000,0,DOOR_CLOSED,DOOR_CLOSED,DOOR_CLOSED,DOOR_CLOSED,LIGHT_AUTO,WIPER_SWITCH_AUTO
24500,0,GEAR_P,ENGINE_ON,20000,0,DOOR_CLOSED,DOOR_CLOSED,DOOR_CLOSED,DOOR_CLOSED,LIGHT_AUTO,WIPER_SWITCH_AUTO
24600,0,GEAR_P,ENGINE_ON,20000,0,DOOR_CLOSED,DOOR_CLOSED,DOOR_CLOSED,DOOR_CLOSED,LIGHT_AUTO,WIPER_SWITCH_AUTO
24700,0,GEAR_P,ENGINE_ON,20000,0,DOOR_CLOSED,DOOR_CLOSED,DOOR_CLOSED,DOOR_CLOSED,LIGHT_AUTO,WIPER_SWITCH_AUTO
24800,0,GEAR_P,ENGINE_ON,20000,0,DOOR_CLOSED,DOOR_CLOSED,DOOR_CLOSED,DOOR_CLOSED,LIGHT_AUTO,WIPER_SWITCH_AUTO
24900,0,GEAR_P,ENGINE_ON,20000,0,DOOR_CLOSED,DOOR_CLOSED,DOOR_CLOSED,DOOR_CLOSED,LIGHT_AUTO,WIPER_SWITCH_AUTO
25000,0,GEAR_P,ENGINE_ON,20000,0,DOOR_CLOSED,DOOR_CLOSED,DOOR_CLOSED,DOOR_CLOSED,LIGHT_AUTO,WIPER_SWITCH_AUTO
25100,0,GEAR_P,ENGINE_ON,20000,0,DOOR_CLOSED,DOOR_CLOSED,DOOR_CLOSED,DOOR_CLOSED,LIGHT_AUTO,WIPER_SWITCH_AUTO
25200,0,GEAR_P,ENGINE_ON,20000,0,DOOR_CLOSED,DOOR_CLOSED,DOOR_CLOSED,DOOR_CLOSED,LIGHT_AUTO,WIPER_SWITCH_AUTO
25300,0,GEAR_P,ENGINE_ON,20000,0,DOOR_CLOSED,DOOR_CLOSED,DOOR_CLOSED,DOOR_CLOSED,LIGHT_AUTO,WIPER_SWITCH_AUTO
25400,0,GEAR_P,ENGINE_ON,20000,0,DOOR_CLOSED,DOOR_CLOSED,DOOR_CLOSED,DOOR_CLOSED,LIGHT_AUTO,WIPER_SWITCH_AUTO
25500,0,GEAR_P,ENGINE_ON,20000,0,DOOR_CLOSED,DOOR_CLOSED,DOOR_CLOSED,DOOR_CLOSED,LIGHT_AUTO,WIPER_SWITCH_AUTO
25600,0,GEAR_P,ENGINE_ON,20000,0,DOOR_CLOSED,DOOR_CLOSED,DOOR_CLOSED,DOOR_CLOSED,LIGHT_AUTO,WIPER_SWITCH_AUTO
25700,0,GEAR_P,ENGINE_ON,20000,0,DOOR_CLOSED,DOOR_CLOSED,DOOR_CLOSED,DOOR_CLOSED,LIGHT_AUTO,WIPER_SWITCH_AUTO
25800,0,GEAR_P,ENGINE_ON,20000,0,DOOR_CLOSED,DOOR_CLOSED,DOOR_CLOSED,DOOR_CLOSED,LIGHT_AUTO,WIPER_SWITCH_AUTO
25900,0,GEAR_P,ENGINE_ON,20000,0,DOOR_CLOSED,DOOR_CLOSED,DOOR_CLOSED,DOOR_CLOSED,LIGHT_AUTO,WIPER_SWITCH_AUTO
26000,0,GEAR_P,ENGINE_ON,20000,0,DOOR_CLOSED,DOOR_CLOSED,DOOR_CLOSED,DOOR_CLOSED,LIGHT_AUTO,WIPER_SWITCH_AUTO
26100,0,GEAR_P,ENGINE_ON,20000,0,DOOR_CLOSED,DOOR_CLOSED,DOOR_CLOSED,DOOR_CLOSED,LIGHT_AUTO,WIPER_SWITCH_AUTO
26200,0,GEAR_P,ENGINE_ON,20000,0,DOOR_CLOSED,DOOR_CLOSED,DOOR_CLOSED,DOOR_CLOSED,LIGHT_AUTO,WIPER_SWITCH_AUTO
26300,0,GEAR_P,ENGINE_ON,20000,0,DOOR_CLOSED,DOOR_CLOSED,DOOR_CLOSED,DOOR_CLOSED,LIGHT_AUTO,WIPER_SWITCH_AUTO
26400,0,GEAR_P,ENGINE_ON,20000,0,DOOR_CLOSED,DOOR_CLOSED,DOOR_CLOSED,DOOR_CLOSED,LIGHT_AUTO,WIPER_SWITCH_AUTO
26500,0,GEAR_P,ENGINE_ON,20000,0,DOOR_CLOSED,DOOR_CLOSED,DOOR_CLOSED,DOOR_CLOSED,LIGHT_AUTO,WIPER_SWITCH_AUTO
26600,0,GEAR_P,ENGINE_ON,20000,0,DOOR_CLOSED,DOOR_CLOSED,DOOR_CLOSED,DOOR_CLOSED,LIGHT_AUTO,WIPER_SWITCH_AUTO
26700,0,GEAR_P,ENGINE_ON,20000,0,DOOR_CLOSED,DOOR_CLOSED,DOOR_CLOSED,DOOR_CLOSED,LIGHT_AUTO,WIPER_SWITCH_AUTO
26800,0,GEAR_P,ENGINE_ON,20000,0,DOOR_CLOSED,DOOR_CLOSED,DOOR_CLOSED,DOOR_CLOSED,LIGHT_AUTO,WIPER_SWITCH_AUTO
26900,0,GEAR_P,ENGINE_ON,20000,0,DOOR_CLOSED,DOOR_CLOSED,DOOR_CLOSED,DOOR_CLOSED,LIGHT_AUTO,WIPER_SWITCH_AUTO
27000,0,GEAR_P,ENGINE_ON,20000,0,DOOR_CLOSED,DOOR_CLOSED,DOOR_CLOSED,DOOR_CLOSED,LIGHT_AUTO,WIPER_SWITCH_AUTO
27100,0,GEAR_P,ENGINE_ON,20000,0,DOOR_CLOSED,DOOR_CLOSED,DOOR_CLOSED,DOOR_CLOSED,LIGHT_AUTO,WIPER_SWITCH_AUTO
27200,0,GEAR_P,ENGINE_ON,20000,0,DOOR_CLOSED,DOOR_CLOSED,DOOR_CLOSED,DOOR_CLOSED,LIGHT_AUTO,WIPER_SWITCH_AUTO
27300,0,GEAR_P,ENGINE_ON,20000,0,DOOR_CLOSED,DOOR_CLOSED,DOOR_CLOSED,DOOR_CLOSED,LIGHT_AUTO,WIPER_SWITCH_AUTO
27400,0,GEAR_P,ENGINE_ON,20000,0,DOOR_CLOSED,DOOR_CLOSED,DOOR_CLOSED,DOOR_CLOSED,LIGHT_AUTO,WIPER_SWITCH_AUTO
27500,0,GEAR_P,ENGINE_ON,20000,0,DOOR_CLOSED,DOOR_CLOSED,DOOR_CLOSED,DOOR_CLOSED,LIGHT_AUTO,WIPER_SWITCH_AUTO
27600,0,GEAR_P,ENGINE_ON,20000,0,DOOR_CLOSED,DOOR_CLOSED,DOOR_CLOSED,DOOR_CLOSED,LIGHT_AUTO,WIPER_SWITCH_AUTO
27700,0,GEAR_P,ENGINE_ON,20000,0,DOOR_CLOSED,DOOR_CLOSED,DOOR_CLOSED,DOOR_CLOSED,LIGHT_AUTO,WIPER_SWITCH_AUTO
27800,0,GEAR_P,ENGINE_ON,20000,0,DOOR_CLOSED,DOOR_CLOSED,DOOR_CLOSED,DOOR_CLOSED,LIGHT_AUTO,WIPER_SWITCH_AUTO
27900,0,GEAR_P,ENGINE_OFF,70000,0,DOOR_CLOSED,DOOR_CLOSED,DOOR_CLOSED,DOOR_CLOSED,LIGHT_AUTO,WIPER_SWITCH_AUTO
28000,0,GEAR_P,ENGINE_OFF,70000,0,DOOR_CLOSED,DOOR_CLOSED,DOOR_CLOSED,DOOR_CLOSED,LIGHT_AUTO,WIPER_SWITCH_AUTO
28100,0,GEAR_P,ENGINE_OFF,70000,0,DOOR_CLOSED,DOOR_CLOSED,DOOR_CLOSED,DOOR_CLOSED,LIGHT_AUTO,WIPER_SWITCH_AUTO
28200,0,GEAR_P,ENGINE_OFF,70000,0,DOOR_CLOSED,DOOR_CLOSED,DOOR_CLOSED,DOOR_CLOSED,LIGHT_AUTO,WIPER_SWITCH_AUTO
28300,0,GEAR_P,ENGINE_OFF,70000,0,DOOR_CLOSED,DOOR_CLOSED,DOOR_CLOSED,DOOR_CLOSED,LIGHT_AUTO,WIPER_SWITCH_AUTO
28400,0,GEAR_P,ENGINE_ON,20000,0,DOOR_CLOSED,DOOR_CLOSED,DOOR_CLOSED,DOOR_CLOSED,LIGHT_AUTO,WIPER_SWITCH_AUTO
28500,0,GEAR_P,ENGINE_ON,20000,0,DOOR_CLOSED,DOOR_CLOSED,DOOR_CLOSED,DOOR_CLOSED,LIGHT_AUTO,WIPER_SWITCH_AUTO
28600,0,GEAR_P,ENGINE_ON,20000,0,DOOR_CLOSED,DOOR_CLOSED,DOOR_CLOSED,DOOR_CLOSED,LIGHT_AUTO,WIPER_SWITCH_AUTO
28700,0,GEAR_P,ENGINE_ON,20000,0,DOOR_CLOSED,DOOR_CLOSED,DOOR_CLOSED,DOOR_CLOSED,LIGHT_AUTO,WIPER_SWITCH_AUTO
28800,0,GEAR_P,ENGINE_ON,20000,0,DOOR_CLOSED,DOOR_CLOSED,DOOR_CLOSED,DOOR_CLOSED,LIGHT_AUTO,WIPER_SWITCH_AUTO
28900,30,GEAR_D,ENGINE_ON,20000,9,DOOR_CLOSED,DOOR_CLOSED,DOOR_CLOSED,DOOR_CLOSED,LIGHT_AUTO,WIPER_SWITCH_AUTO
29000,30,GEAR_D,ENGINE_ON,20000,9,DOOR_CLOSED,DOOR_CLOSED,DOOR_CLOSED,DOOR_CLOSED,LIGHT_AUTO,WIPER_SWITCH_AUTO
29100,30,GEAR_D,ENGINE_ON,20000,9,DOOR_CLOSED,DOOR_CLOSED,DOOR_CLOSED,DOOR_CLOSED,LIGHT_AUTO,WIPER_SWITCH_AUTO
29200,30,GEAR_D,ENGINE_ON,20000,9,DOOR_CLOSED,DOOR_CLOSED,DOOR_CLOSED,DOOR_CLOSED,LIGHT_AUTO,WIPER_SWITCH_AUTO
29300,30,GEAR_D,ENGINE_ON,20000,9,DOOR_CLOSED,DOOR_CLOSED,DOOR_CLOSED,DOOR_CLOSED,LIGHT_AUTO,WIPER_SWITCH_AUTO
29400,30,GEAR_D,ENGINE_ON,20000,9,DOOR_CLOSED,DOOR_CLOSED,DOOR_CLOSED,DOOR_CLOSED,LIGHT_AUTO,WIPER_SWITCH_AUTO
29500,30,GEAR_D,ENGINE_ON,20000,9,DOOR_CLOSED,DOOR_CLOSED,DOOR_CLOSED,DOOR_CLOSED,LIGHT_AUTO,WIPER_SWITCH_AUTO
29600,30,GEAR_D,ENGINE_ON,20000,9,DOOR_CLOSED,DOOR_CLOSED,DOOR_CLOSED,DOOR_CLOSED,LIGHT_AUTO,WIPER_SWITCH_AUTO
29700,30,GEAR_D,ENGINE_ON,20000,9,DOOR_CLOSED,DOOR_CLOSED,DOOR_CLOSED,DOOR_CLOSED,LIGHT_AUTO,WIPER_SWITCH_AUTO
29800,30,GEAR_D,ENGINE_ON,20000,9,DOOR_CLOSED,DOOR_CLOSED,DOOR_CLOSED,DOOR_CLOSED,LIGHT_AUTO,WIPER_SWITCH_AUTO
29900,30,GEAR_D,ENGINE_ON,20000,10,DOOR_CLOSED,DOOR_CLOSED,DOOR_CLOSED,DOOR_CLOSED,LIGHT_AUTO,WIPER_SWITCH_AUTO
30000,30,GEAR_D,ENGINE_ON,20000,10,DOOR_CLOSED,DOOR_CLOSED,DOOR_CLOSED,DOOR_CLOSED,LIGHT_AUTO,WIPER_SWITCH_AUTO
30100,30,GEAR_D,ENGINE_ON,20000,10,DOOR_CLOSED,DOOR_CLOSED,DOOR_CLOSED,DOOR_CLOSED,LIGHT_AUTO,WIPER_SWITCH_AUTO
30200,30,GEAR_D,ENGINE_ON,20000,10,DOOR_CLOSED,DOOR_CLOSED,DOOR_CLOSED,DOOR_CLOSED,LIGHT_AUTO,WIPER_SWITCH_AUTO
30300,30,GEAR_D,ENGINE_ON,20000,10,DOOR_CLOSED,DOOR_CLOSED,DOOR_CLOSED,DOOR_CLOSED,LIGHT_AUTO,WIPER_SWITCH_AUTO
30400,30,GEAR_D,ENGINE_ON,20000,10,DOOR_CLOSED,DOOR_CLOSED,DOOR_CLOSED,DOOR_CLOSED,LIGHT_AUTO,WIPER_SWITCH_AUTO
30500,30,GEAR_D,ENGINE_ON,20000,10,DOOR_CLOSED,DOOR_CLOSED,DOOR_CLOSED,DOOR_CLOSED,LIGHT_AUTO,WIPER_SWITCH_AUTO
30600,30,GEAR_D,ENGINE_ON,20000,10,DOOR_CLOSED,DOOR_CLOSED,DOOR_CLOSED,DOOR_CLOSED,LIGHT_AUTO,WIPER_SWITCH_AUTO
30700,30,GEAR_D,ENGINE_ON,20000,10,DOOR_CLOSED,DOOR_CLOSED,DOOR_CLOSED,DOOR_CLOSED,LIGHT_AUTO,WIPER_SWITCH_AUTO
30800,30,GEAR_D,ENGINE_ON,20000,10,DOOR_CLOSED,DOOR_CLOSED,DOOR_CLOSED,DOOR_CLOSED,LIGHT_AUTO,WIPER_SWITCH_AUTO
30900,30,GEAR_D,ENGINE_ON,20000,39,DOOR_CLOSED,DOOR_CLOSED,DOOR_CLOSED,DOOR_CLOSED,LIGHT_AUTO,WIPER_SWITCH_AUTO
31000,30,GEAR_D,ENGINE_ON,20000,39,DOOR_CLOSED,DOOR_CLOSED,DOOR_CLOSED,DOOR_CLOSED,LIGHT_AUTO,WIPER_SWITCH_AUTO
31100,30,GEAR_D,ENGINE_ON,20000,39,DOOR_CLOSED,DOOR_CLOSED,DOOR_CLOSED,DOOR_CLOSED,LIGHT_AUTO,WIPER_SWITCH_AUTO
31200,30,GEAR_D,ENGINE_ON,20000,39,DOOR_CLOSED,DOOR_CLOSED,DOOR_CLOSED,DOOR_CLOSED,LIGHT_AUTO,WIPER_SWITCH_AUTO
31300,30,GEAR_D,ENGINE_ON,20000,39,DOOR_CLOSED,DOOR_CLOSED,DOOR_CLOSED,DOOR_CLOSED,LIGHT_AUTO,WIPER_SWITCH_AUTO
31400,30,GEAR_D,ENGINE_ON,20000,39,DOOR_CLOSED,DOOR_CLOSED,DOOR_CLOSED,DOOR_CLOSED,LIGHT_AUTO,WIPER_SWITCH_AUTO
31500,30,GEAR_D,ENGINE_ON,20000,39,DOOR_CLOSED,DOOR_CLOSED,DOOR_CLOSED,DOOR_CLOSED,LIGHT_AUTO,WIPER_SWITCH_AUTO
31600,30,GEAR_D,ENGINE_ON,20000,39,DOOR_CLOSED,DOOR_CLOSED,DOOR_CLOSED,DOOR_CLOSED,LIGHT_AUTO,WIPER_SWITCH_AUTO
31700,30,GEAR_D,ENGINE_ON,20000,39,DOOR_CLOSED,DOOR_CLOSED,DOOR_CLOSED,DOOR_CLOSED,LIGHT_AUTO,WIPER_SWITCH_AUTO
31800,30,GEAR_D,ENGINE_ON,20000,39,DOOR_CLOSED,DOOR_CLOSED,DOOR_CLOSED,DOOR_CLOSED,LIGHT_AUTO,WIPER_SWITCH_AUTO
31900,30,GEAR_D,ENGINE_ON,20000,40,DOOR_CLOSED,DOOR_CLOSED,DOOR_CLOSED,DOOR_CLOSED,LIGHT_AUTO,WIPER_SWITCH_AUTO
32000,30,GEAR_D,ENGINE_ON,20000,40,DOOR_CLOSED,DOOR_CLOSED,DOOR_CLOSED,DOOR_CLOSED,LIGHT_AUTO,WIPER_SWITCH_AUTO
32100,30,GEAR_D,ENGINE_ON,20000,40,DOOR_CLOSED,DOOR_CLOSED,DOOR_CLOSED,DOOR_CLOSED,LIGHT_AUTO,WIPER_SWITCH_AUTO
32200,30,GEAR_D,ENGINE_ON,20000,40,DOOR_CLOSED,DOOR_CLOSED,DOOR_CLOSED,DOOR_CLOSED,LIGHT_AUTO,WIPER_SWITCH_AUTO
32300,30,GEAR_D,ENGINE_ON,20000,40,DOOR_CLOSED,DOOR_CLOSED,DOOR_CLOSED,DOOR_CLOSED,LIGHT_AUTO,WIPER_SWITCH_AUTO
32400,30,GEAR_D,ENGINE_ON,20000,40,DOOR_CLOSED,DOOR_CLOSED,DOOR_CLOSED,DOOR_CLOSED,LIGHT_AUTO,WIPER_SWITCH_AUTO
32500,30,GEAR_D,ENGINE_ON,20000,40,DOOR_CLOSED,DOOR_CLOSED,DOOR_CLOSED,DOOR_CLOSED,LIGHT_AUTO,WIPER_SWITCH_AUTO
32600,30,GEAR_D,ENGINE_ON,20000,40,DOOR_CLOSED,DOOR_CLOSED,DOOR_CLOSED,DOOR_CLOSED,LIGHT_AUTO,WIPER_SWITCH_AUTO
32700,30,GEAR_D,ENGINE_ON,20000,40,DOOR_CLOSED,DOOR_CLOSED,DOOR_CLOSED,DOOR_CLOSED,LIGHT_AUTO,WIPER_SWITCH_AUTO
32800,30,GEAR_D,ENGINE_ON,20000,40,DOOR_CLOSED,DOOR_CLOSED,DOOR_CLOSED,DOOR_CLOSED,LIGHT_AUTO,WIPER_SWITCH_AUTO
32900,30,GEAR_D,ENGINE_ON,20000,69,DOOR_CLOSED,DOOR_CLOSED,DOOR_CLOSED,DOOR_CLOSED,LIGHT_AUTO,WIPER_SWITCH_AUTO
33000,30,GEAR_D,ENGINE_ON,20000,69,DOOR_CLOSED,DOOR_CLOSED,DOOR_CLOSED,DOOR_CLOSED,LIGHT_AUTO,WIPER_SWITCH_AUTO
33100,30,GEAR_D,ENGINE_ON,20000,69,DOOR_CLOSED,DOOR_CLOSED,DOOR_CLOSED,DOOR_CLOSED,LIGHT_AUTO,WIPER_SWITCH_AUTO
33200,30,GEAR_D,ENGINE_ON,20000,69,DOOR_CLOSED,DOOR_CLOSED,DOOR_CLOSED,DOOR_CLOSED,LIGHT_AUTO,WIPER_SWITCH_AUTO
33300,30,GEAR_D,ENGINE_ON,20000,69,DOOR_CLOSED,DOOR_CLOSED,DOOR_CLOSED,DOOR_CLOSED,LIGHT_AUTO,WIPER_SWITCH_AUTO
33400,30,GEAR_D,ENGINE_ON,20000,69,DOOR_CLOSED,DOOR_CLOSED,DOOR_CLOSED,DOOR_CLOSED,LIGHT_AUTO,WIPER_SWITCH_AUTO
33500,30,GEAR_D,ENGINE_ON,20000,69,DOOR_CLOSED,DOOR_CLOSED,DOOR_CLOSED,DOOR_CLOSED,LIGHT_AUTO,WIPER_SWITCH_AUTO
33600,30,GEAR_D,ENGINE_ON,20000,69,DOOR_CLOSED,DOOR_CLOSED,DOOR_CLOSED,DOOR_CLOSED,LIGHT_AUTO,WIPER_SWITCH_AUTO
33700,30,GEAR_D,ENGINE_ON,20000,69,DOOR_CLOSED,DOOR_CLOSED,DOOR_CLOSED,DOOR_CLOSED,LIGHT_AUTO,WIPER_SWITCH_AUTO
33800,30,GEAR_D,ENGINE_ON,20000,69,DOOR_CLOSED,DOOR_CLOSED,DOOR_CLOSED,DOOR_CLOSED,LIGHT_AUTO,WIPER_SWITCH_AUTO
33900,30,GEAR_D,ENGINE_ON,20000,70,DOOR_CLOSED,DOOR_CLOSED,DOOR_CLOSED,DOOR_CLOSED,LIGHT_AUTO,WIPER_SWITCH_AUTO
34000,30,GEAR_D,ENGINE_ON,20000,70,DOOR_CLOSED,DOOR_CLOSED,DOOR_CLOSED,DOOR_CLOSED,LIGHT_AUTO,WIPER_SWITCH_AUTO
34100,30,GEAR_D,ENGINE_ON,20000,70,DOOR_CLOSED,DOOR_CLOSED,DOOR_CLOSED,DOOR_CLOSED,LIGHT_AUTO,WIPER_SWITCH_AUTO
34200,30,GEAR_D,ENGINE_ON,20000,70,DOOR_CLOSED,DOOR_CLOSED,DOOR_CLOSED,DOOR_CLOSED,LIGHT_AUTO,WIPER_SWITCH_AUTO
34300,30,GEAR_D,ENGINE_ON,20000,70,DOOR_CLOSED,DOOR_CLOSED,DOOR_CLOSED,DOOR_CLOSED,LIGHT_AUTO,WIPER_SWITCH_AUTO
34400,30,GEAR_D,ENGINE_ON,20000,70,DOOR_CLOSED,DOOR_CLOSED,DOOR_CLOSED,DOOR_CLOSED,LIGHT_AUTO,WIPER_SWITCH_AUTO
34500,30,GEAR_D,ENGINE_ON,20000,70,DOOR_CLOSED,DOOR_CLOSED,DOOR_CLOSED,DOOR_CLOSED,LIGHT_AUTO,WIPER_SWITCH_AUTO
34600,30,GEAR_D,ENGINE_ON,20000,70,DOOR_CLOSED,DOOR_CLOSED,DOOR_CLOSED,DOOR_CLOSED,LIGHT_AUTO,WIPER_SWITCH_AUTO
34700,30,GEAR_D,ENGINE_ON,20000,70,DOOR_CLOSED,DOOR_CLOSED,DOOR_CLOSED,DOOR_CLOSED,LIGHT_AUTO,WIPER_SWITCH_AUTO
34800,30,GEAR_D,ENGINE_ON,20000,70,DOOR_CLOSED,DOOR_CLOSED,DOOR_CLOSED,DOOR_CLOSED,LIGHT_AUTO,WIPER_SWITCH_AUTO
34900,30,GEAR_D,ENGINE_ON,20000,100,DOOR_CLOSED,DOOR_CLOSED,DOOR_CLOSED,DOOR_CLOSED,LIGHT_AUTO,WIPER_SWITCH_AUTO
35000,30,GEAR_D,ENGINE_ON,20000,100,DOOR_CLOSED,DOOR_CLOSED,DOOR_CLOSED,DOOR_CLOSED,LIGHT_AUTO,WIPER_SWITCH_AUTO
35100,30,GEAR_D,ENGINE_ON,20000,100,DOOR_CLOSED,DOOR_CLOSED,DOOR_CLOSED,DOOR_CLOSED,LIGHT_AUTO,WIPER_SWITCH_AUTO
35200,30,GEAR_D,ENGINE_ON,20000,100,DOOR_CLOSED,DOOR_CLOSED,DOOR_CLOSED,DOOR_CLOSED,LIGHT_AUTO,WIPER_SWITCH_AUTO
35300,30,GEAR_D,ENGINE_ON,20000,100,DOOR_CLOSED,DOOR_CLOSED,DOOR_CLOSED,DOOR_CLOSED,LIGHT_AUTO,WIPER_SWITCH_AUTO
35400,30,GEAR_D,ENGINE_ON,20000,100,DOOR_CLOSED,DOOR_CLOSED,DOOR_CLOSED,DOOR_CLOSED,LIGHT_AUTO,WIPER_SWITCH_AUTO
35500,30,GEAR_D,ENGINE_ON,20000,100,DOOR_CLOSED,DOOR_CLOSED,DOOR_CLOSED,DOOR_CLOSED,LIGHT_AUTO,WIPER_SWITCH_AUTO
35600,30,GEAR_D,ENGINE_ON,20000,100,DOOR_CLOSED,DOOR_CLOSED,DOOR_CLOSED,DOOR_CLOSED,LIGHT_AUTO,WIPER_SWITCH_AUTO
35700,30,GEAR_D,ENGINE_ON,20000,100,DOOR_CLOSED,DOOR_CLOSED,DOOR_CLOSED,DOOR_CLOSED,LIGHT_AUTO,WIPER_SWITCH_AUTO
35800,30,GEAR_D,ENGINE_ON,20000,100,DOOR_CLOSED,DOOR_CLOSED,DOOR_CLOSED,DOOR_CLOSED,LIGHT_AUTO,WIPER_SWITCH_AUTO
35900,0,GEAR_D,ENGINE_ON,20000,100,DOOR_CLOSED,DOOR_CLOSED,DOOR_CLOSED,DOOR_CLOSED,LIGHT_AUTO,WIPER_SWITCH_AUTO
36000,0,GEAR_D,ENGINE_ON,20000,100,DOOR_CLOSED,DOOR_CLOSED,DOOR_CLOSED,DOOR_CLOSED,LIGHT_AUTO,WIPER_SWITCH_AUTO
36100,0,GEAR_D,ENGINE_ON,20000,100,DOOR_CLOSED,DOOR_CLOSED,DOOR_CLOSED,DOOR_CLOSED,LIGHT_AUTO,WIPER_SWITCH_AUTO
36200,0,GEAR_D,ENGINE_ON,20000,100,DOOR_CLOSED,DOOR_CLOSED,DOOR_CLOSED,DOOR_CLOSED,LIGHT_AUTO,WIPER_SWITCH_AUTO
36300,0,GEAR_D,ENGINE_ON,20000,100,DOOR_CLOSED,DOOR_CLOSED,DOOR_CLOSED,DOOR_CLOSED,LIGHT_AUTO,WIPER_SWITCH_AUTO
36400,0,GEAR_D,ENGINE_ON,20000,100,DOOR_CLOSED,DOOR_CLOSED,DOOR_CLOSED,DOOR_CLOSED,LIGHT_AUTO,WIPER_SWITCH_AUTO
36500,0,GEAR_D,ENGINE_ON,20000,100,DOOR_CLOSED,DOOR_CLOSED,DOOR_CLOSED,DOOR_CLOSED,LIGHT_AUTO,WIPER_SWITCH_AUTO
36600,0,GEAR_D,ENGINE_ON,20000,100,DOOR_CLOSED,DOOR_CLOSED,DOOR_CLOSED,DOOR_CLOSED,LIGHT_AUTO,WIPER_SWITCH_AUTO
36700,0,GEAR_D,ENGINE_ON,20000,100,DOOR_CLOSED,DOOR_CLOSED,DOOR_CLOSED,DOOR_CLOSED,LIGHT_AUTO,WIPER_SWITCH_AUTO
36800,0,GEAR_D,ENGINE_ON,20000,100,DOOR_CLOSED,DOOR_CLOSED,DOOR_CLOSED,DOOR_CLOSED,LIGHT_AUTO,WIPER_SWITCH_AUTO
36900,0,GEAR_D,ENGINE_ON,20000,70,DOOR_CLOSED,DOOR_CLOSED,DOOR_CLOSED,DOOR_CLOSED,LIGHT_AUTO,WIPER_SWITCH_AUTO
37000,0,GEAR_D,ENGINE_ON,20000,70,DOOR_CLOSED,DOOR_CLOSED,DOOR_CLOSED,DOOR_CLOSED,LIGHT_AUTO,WIPER_SWITCH_AUTO
37100,0,GEAR_D,ENGINE_ON,20000,70,DOOR_CLOSED,DOOR_CLOSED,DOOR_CLOSED,DOOR_CLOSED,LIGHT_AUTO,WIPER_SWITCH_AUTO
37200,0,GEAR_D,ENGINE_ON,20000,70,DOOR_CLOSED,DOOR_CLOSED,DOOR_CLOSED,DOOR_CLOSED,LIGHT_AUTO,WIPER_SWITCH_AUTO
37300,0,GEAR_D,ENGINE_ON,20000,70,DOOR_CLOSED,DOOR_CLOSED,DOOR_CLOSED,DOOR_CLOSED,LIGHT_AUTO,WIPER_SWITCH_AUTO
37400,0,GEAR_D,ENGINE_ON,20000,70,DOOR_CLOSED,DOOR_CLOSED,DOOR_CLOSED,DOOR_CLOSED,LIGHT_AUTO,WIPER_SWITCH_AUTO
37500,0,GEAR_D,ENGINE_ON,20000,70,DOOR_CLOSED,DOOR_CLOSED,DOOR_CLOSED,DOOR_CLOSED,LIGHT_AUTO,WIPER_SWITCH_AUTO
37600,0,GEAR_D,ENGINE_ON,20000,70,DOOR_CLOSED,DOOR_CLOSED,DOOR_CLOSED,DOOR_CLOSED,LIGHT_AUTO,WIPER_SWITCH_AUTO
37700,0,GEAR_D,ENGINE_ON,20000,70,DOOR_CLOSED,DOOR_CLOSED,DOOR_CLOSED,DOOR_CLOSED,LIGHT_AUTO,WIPER_SWITCH_AUTO
37800,0,GEAR_D,ENGINE_ON,20000,70,DOOR_CLOSED,DOOR_CLOSED,DOOR_CLOSED,DOOR_CLOSED,LIGHT_AUTO,WIPER_SWITCH_AUTO
37900,0,GEAR_D,ENGINE_ON,20000,69,DOOR_CLOSED,DOOR_CLOSED,DOOR_CLOSED,DOOR_CLOSED,LIGHT_AUTO,WIPER_SWITCH_AUTO
38000,0,GEAR_D,ENGINE_ON,20000,69,DOOR_CLOSED,DOOR_CLOSED,DOOR_CLOSED,DOOR_CLOSED,LIGHT_AUTO,WIPER_SWITCH_AUTO
38100,0,GEAR_D,ENGINE_ON,20000,69,DOOR_CLOSED,DOOR_CLOSED,DOOR_CLOSED,DOOR_CLOSED,LIGHT_AUTO,WIPER_SWITCH_AUTO
38200,0,GEAR_D,ENGINE_ON,20000,69,DOOR_CLOSED,DOOR_CLOSED,DOOR_CLOSED,DOOR_CLOSED,LIGHT_AUTO,WIPER_SWITCH_AUTO
38300,0,GEAR_D,ENGINE_ON,20000,69,DOOR_CLOSED,DOOR_CLOSED,DOOR_CLOSED,DOOR_CLOSED,LIGHT_AUTO,WIPER_SWITCH_AUTO
38400,0,GEAR_D,ENGINE_ON,20000,69,DOOR_CLOSED,DOOR_CLOSED,DOOR_CLOSED,DOOR_CLOSED,LIGHT_AUTO,WIPER_SWITCH_AUTO
38500,0,GEAR_D,ENGINE_ON,20000,69,DOOR_CLOSED,DOOR_CLOSED,DOOR_CLOSED,DOOR_CLOSED,LIGHT_AUTO,WIPER_SWITCH_AUTO
38600,0,GEAR_D,ENGINE_ON,20000,69,DOOR_CLOSED,DOOR_CLOSED,DOOR_CLOSED,DOOR_CLOSED,LIGHT_AUTO,WIPER_SWITCH_AUTO
38700,0,GEAR_D,ENGINE_ON,20000,69,DOOR_CLOSED,DOOR_CLOSED,DOOR_CLOSED,DOOR_CLOSED,LIGHT_AUTO,WIPER_SWITCH_AUTO
38800,0,GEAR_D,ENGINE_ON,20000,69,DOOR_CLOSED,DOOR_CLOSED,DOOR_CLOSED,DOOR_CLOSED,LIGHT_AUTO,WIPER_SWITCH_AUTO
38900,0,GEAR_D,ENGINE_ON,20000,40,DOOR_CLOSED,DOOR_CLOSED,DOOR_CLOSED,DOOR_CLOSED,LIGHT_AUTO,WIPER_SWITCH_AUTO
39000,0,GEAR_D,ENGINE_ON,20000,40,DOOR_CLOSED,DOOR_CLOSED,DOOR_CLOSED,DOOR_CLOSED,LIGHT_AUTO,WIPER_SWITCH_AUTO
39100,0,GEAR_D,ENGINE_ON,20000,40,DOOR_CLOSED,DOOR_CLOSED,DOOR_CLOSED,DOOR_CLOSED,LIGHT_AUTO,WIPER_SWITCH_AUTO
39200,0,GEAR_D,ENGINE_ON,20000,40,DOOR_CLOSED,DOOR_CLOSED,DOOR_CLOSED,DOOR_CLOSED,LIGHT_AUTO,WIPER_SWITCH_AUTO
39300,0,GEAR_D,ENGINE_ON,20000,40,DOOR_CLOSED,DOOR_CLOSED,DOOR_CLOSED,DOOR_CLOSED,LIGHT_AUTO,WIPER_SWITCH_AUTO
39400,0,GEAR_D,ENGINE_ON,20000,40,DOOR_CLOSED,DOOR_CLOSED,DOOR_CLOSED,DOOR_CLOSED,LIGHT_AUTO,WIPER_SWITCH_AUTO
39500,0,GEAR_D,ENGINE_ON,20000,40,DOOR_CLOSED,DOOR_CLOSED,DOOR_CLOSED,DOOR_CLOSED,LIGHT_AUTO,WIPER_SWITCH_AUTO
39600,0,GEAR_D,ENGINE_ON,20000,40,DOOR_CLOSED,DOOR_CLOSED,DOOR_CLOSED,DOOR_CLOSED,LIGHT_AUTO,WIPER_SWITCH_AUTO
39700,0,GEAR_D,ENGINE_ON,20000,40,DOOR_CLOSED,DOOR_CLOSED,DOOR_CLOSED,DOOR_CLOSED,LIGHT_AUTO,WIPER_SWITCH_AUTO
39800,0,GEAR_D,ENGINE_ON,20000,40,DOOR_CLOSED,DOOR_CLOSED,DOOR_CLOSED,DOOR_CLOSED,LIGHT_AUTO,WIPER_SWITCH_AUTO
39900,0,GEAR_D,ENGINE_ON,20000,40,DOOR_CLOSED,DOOR_CLOSED,DOOR_CLOSED,DOOR_CLOSED,LIGHT_AUTO,WIPER_SWITCH_AUTO
40000,0,GEAR_D,ENGINE_ON,20000,40,DOOR_CLOSED,DOOR_CLOSED,DOOR_CLOSED,DOOR_CLOSED,LIGHT_AUTO,WIPER_SWITCH_AUTO
40100,0,GEAR_D,ENGINE_ON,20000,40,DOOR_CLOSED,DOOR_CLOSED,DOOR_CLOSED,DOOR_CLOSED,LIGHT_AUTO,WIPER_SWITCH_AUTO
40200,0,GEAR_D,ENGINE_ON,20000,40,DOOR_CLOSED,DOOR_CLOSED,DOOR_CLOSED,DOOR_CLOSED,LIGHT_AUTO,WIPER_SWITCH_AUTO
40300,0,GEAR_D,ENGINE_ON,20000,40,DOOR_CLOSED,DOOR_CLOSED,DOOR_CLOSED,DOOR_CLOSED,LIGHT_AUTO,WIPER_SWITCH_AUTO
40400,0,GEAR_D,ENGINE_ON,20000,40,DOOR_CLOSED,DOOR_CLOSED,DOOR_CLOSED,DOOR_CLOSED,LIGHT_AUTO,WIPER_SWITCH_AUTO
40500,0,GEAR_D,ENGINE_ON,20000,40,DOOR_CLOSED,DOOR_CLOSED,DOOR_CLOSED,DOOR_CLOSED,LIGHT_AUTO,WIPER_SWITCH_AUTO
40600,0,GEAR_D,ENGINE_ON,20000,40,DOOR_CLOSED,DOOR_CLOSED,DOOR_CLOSED,DOOR_CLOSED,LIGHT_AUTO,WIPER_SWITCH_AUTO
40700,0,GEAR_D,ENGINE_ON,20000,40,DOOR_CLOSED,DOOR_CLOSED,DOOR_CLOSED,DOOR_CLOSED,LIGHT_AUTO,WIPER_SWITCH_AUTO
40800,0,GEAR_D,ENGINE_ON,20000,40,DOOR_CLOSED,DOOR_CLOSED,DOOR_CLOSED,DOOR_CLOSED,LIGHT_AUTO,WIPER_SWITCH_AUTO
40900,0,GEAR_D,ENGINE_ON,20000,40,DOOR_CLOSED,DOOR_CLOSED,DOOR_CLOSED,DOOR_CLOSED,LIGHT_AUTO,WIPER_SWITCH_AUTO
41000,0,GEAR_D,ENGINE_ON,20000,40,DOOR_CLOSED,DOOR_CLOSED,DOOR_CLOSED,DOOR_CLOSED,LIGHT_AUTO,WIPER_SWITCH_AUTO
41100,0,GEAR_D,ENGINE_ON,20000,40,DOOR_CLOSED,DOOR_CLOSED,DOOR_CLOSED,DOOR_CLOSED,LIGHT_AUTO,WIPER_SWITCH_AUTO
41200,0,GEAR_D,ENGINE_ON,20000,40,DOOR_CLOSED,DOOR_CLOSED,DOOR_CLOSED,DOOR_CLOSED,LIGHT_AUTO,WIPER_SWITCH_AUTO
41300,0,GEAR_D,ENGINE_ON,20000,40,DOOR_CLOSED,DOOR_CLOSED,DOOR_CLOSED,DOOR_CLOSED,LIGHT_AUTO,WIPER_SWITCH_AUTO
41400,0,GEAR_D,ENGINE_ON,20000,39,DOOR_CLOSED,DOOR_CLOSED,DOOR_CLOSED,DOOR_CLOSED,LIGHT_AUTO,WIPER_SWITCH_AUTO
41500,0,GEAR_D,ENGINE_ON,20000,39,DOOR_CLOSED,DOOR_CLOSED,DOOR_CLOSED,DOOR_CLOSED,LIGHT_AUTO,WIPER_SWITCH_AUTO
41600,0,GEAR_D,ENGINE_ON,20000,39,DOOR_CLOSED,DOOR_CLOSED,DOOR_CLOSED,DOOR_CLOSED,LIGHT_AUTO,WIPER_SWITCH_AUTO
41700,0,GEAR_D,ENGINE_ON,20000,39,DOOR_CLOSED,DOOR_CLOSED,DOOR_CLOSED,DOOR_CLOSED,LIGHT_AUTO,WIPER_SWITCH_AUTO
41800,0,GEAR_D,ENGINE_ON,20000,39,DOOR_CLOSED,DOOR_CLOSED,DOOR_CLOSED,DOOR_CLOSED,LIGHT_AUTO,WIPER_SWITCH_AUTO
41900,0,GEAR_D,ENGINE_ON,20000,39,DOOR_CLOSED,DOOR_CLOSED,DOOR_CLOSED,DOOR_CLOSED,LIGHT_AUTO,WIPER_SWITCH_AUTO
42000,0,GEAR_D,ENGINE_ON,20000,39,DOOR_CLOSED,DOOR_CLOSED,DOOR_CLOSED,DOOR_CLOSED,LIGHT_AUTO,WIPER_SWITCH_AUTO
42100,0,GEAR_D,ENGINE_ON,20000,39,DOOR_CLOSED,DOOR_CLOSED,DOOR_CLOSED,DOOR_CLOSED,LIGHT_AUTO,WIPER_SWITCH_AUTO
42200,0,GEAR_D,ENGINE_ON,20000,39,DOOR_CLOSED,DOOR_CLOSED,DOOR_CLOSED,DOOR_CLOSED,LIGHT_AUTO,WIPER_SWITCH_AUTO
42300,0,GEAR_D,ENGINE_ON,20000,39,DOOR_CLOSED,DOOR_CLOSED,DOOR_CLOSED,DOOR_CLOSED,LIGHT_AUTO,WIPER_SWITCH_AUTO
42400,0,GEAR_D,ENGINE_ON,20000,10,DOOR_CLOSED,DOOR_CLOSED,DOOR_CLOSED,DOOR_CLOSED,LIGHT_AUTO,WIPER_SWITCH_AUTO
42500,0,GEAR_D,ENGINE_ON,20000,10,DOOR_CLOSED,DOOR_CLOSED,DOOR_CLOSED,DOOR_CLOSED,LIGHT_AUTO,WIPER_SWITCH_AUTO
42600,0,GEAR_D,ENGINE_ON,20000,10,DOOR_CLOSED,DOOR_CLOSED,DOOR_CLOSED,DOOR_CLOSED,LIGHT_AUTO,WIPER_SWITCH_AUTO
42700,0,GEAR_D,ENGINE_ON,20000,10,DOOR_CLOSED,DOOR_CLOSED,DOOR_CLOSED,DOOR_CLOSED,LIGHT_AUTO,WIPER_SWITCH_AUTO
42800,0,GEAR_D,ENGINE_ON,20000,10,DOOR_CLOSED,DOOR_CLOSED,DOOR_CLOSED,DOOR_CLOSED,LIGHT_AUTO,WIPER_SWITCH_AUTO
42900,0,GEAR_D,ENGINE_ON,20000,10,DOOR_CLOSED,DOOR_CLOSED,DOOR_CLOSED,DOOR_CLOSED,LIGHT_AUTO,WIPER_SWITCH_AUTO
43000,0,GEAR_D,ENGINE_ON,20000,10,DOOR_CLOSED,DOOR_CLOSED,DOOR_CLOSED,DOOR_CLOSED,LIGHT_AUTO,WIPER_SWITCH_AUTO
43100,0,GEAR_D,ENGINE_ON,20000,10,DOOR_CLOSED,DOOR_CLOSED,DOOR_CLOSED,DOOR_CLOSED,LIGHT_AUTO,WIPER_SWITCH_AUTO
43200,0,GEAR_D,ENGINE_ON,20000,10,DOOR_CLOSED,DOOR_CLOSED,DOOR_CLOSED,DOOR_CLOSED,LIGHT_AUTO,WIPER_SWITCH_AUTO
43300,0,GEAR_D,ENGINE_ON,20000,10,DOOR_CLOSED,DOOR_CLOSED,DOOR_CLOSED,DOOR_CLOSED,LIGHT_AUTO,WIPER_SWITCH_AUTO
43400,0,GEAR_D,ENGINE_ON,20000,9,DOOR_CLOSED,DOOR_CLOSED,DOOR_CLOSED,DOOR_CLOSED,LIGHT_AUTO,WIPER_SWITCH_AUTO
43500,0,GEAR_D,ENGINE_ON,20000,9,DOOR_CLOSED,DOOR_CLOSED,DOOR_CLOSED,DOOR_CLOSED,LIGHT_AUTO,WIPER_SWITCH_AUTO
43600,0,GEAR_D,ENGINE_ON,20000,9,DOOR_CLOSED,DOOR_CLOSED,DOOR_CLOSED,DOOR_CLOSED,LIGHT_AUTO,WIPER_SWITCH_AUTO
43700,0,GEAR_D,ENGINE_ON,20000,9,DOOR_CLOSED,DOOR_CLOSED,DOOR_CLOSED,DOOR_CLOSED,LIGHT_AUTO,WIPER_SWITCH_AUTO
43800,0,GEAR_D,ENGINE_ON,20000,9,DOOR_CLOSED,DOOR_CLOSED,DOOR_CLOSED,DOOR_CLOSED,LIGHT_AUTO,WIPER_SWITCH_AUTO
43900,0,GEAR_D,ENGINE_ON,20000,9,DOOR_CLOSED,DOOR_CLOSED,DOOR_CLOSED,DOOR_CLOSED,LIGHT_AUTO,WIPER_SWITCH_AUTO
44000,0,GEAR_D,ENGINE_ON,20000,9,DOOR_CLOSED,DOOR_CLOSED,DOOR_CLOSED,DOOR_CLOSED,LIGHT_AUTO,WIPER_SWITCH_AUTO
44100,0,GEAR_D,ENGINE_ON,20000,9,DOOR_CLOSED,DOOR_CLOSED,DOOR_CLOSED,DOOR_CLOSED,LIGHT_AUTO,WIPER_SWITCH_AUTO
44200,0,GEAR_D,ENGINE_ON,20000,9,DOOR_CLOSED,DOOR_CLOSED,DOOR_CLOSED,DOOR_CLOSED,LIGHT_AUTO,WIPER_SWITCH_AUTO
44300,0,GEAR_D,ENGINE_ON,20000,9,DOOR_CLOSED,DOOR_CLOSED,DOOR_CLOSED,DOOR_CLOSED,LIGHT_AUTO,WIPER_SWITCH_AUTO
44400,0,GEAR_D,ENGINE_ON,20000,9,DOOR_CLOSED,DOOR_CLOSED,DOOR_CLOSED,DOOR_CLOSED,LIGHT_AUTO,WIPER_SWITCH_LOW
44500,0,GEAR_D,ENGINE_ON,20000,9,DOOR_CLOSED,DOOR_CLOSED,DOOR_CLOSED,DOOR_CLOSED,LIGHT_AUTO,WIPER_SWITCH_LOW
44600,0,GEAR_D,ENGINE_ON,20000,9,DOOR_CLOSED,DOOR_CLOSED,DOOR_CLOSED,DOOR_CLOSED,LIGHT_AUTO,WIPER_SWITCH_LOW
44700,0,GEAR_D,ENGINE_ON,20000,9,DOOR_CLOSED,DOOR_CLOSED,DOOR_CLOSED,DOOR_CLOSED,LIGHT_AUTO,WIPER_SWITCH_LOW
44800,0,GEAR_D,ENGINE_ON,20000,9,DOOR_CLOSED,DOOR_CLOSED,DOOR_CLOSED,DOOR_CLOSED,LIGHT_AUTO,WIPER_SWITCH_LOW
44900,0,GEAR_D,ENGINE_ON,20000,9,DOOR_CLOSED,DOOR_CLOSED,DOOR_CLOSED,DOOR_CLOSED,LIGHT_AUTO,WIPER_SWITCH_LOW
45000,0,GEAR_D,ENGINE_ON,20000,9,DOOR_CLOSED,DOOR_CLOSED,DOOR_CLOSED,DOOR_CLOSED,LIGHT_AUTO,WIPER_SWITCH_LOW
45100,0,GEAR_D,ENGINE_ON,20000,9,DOOR_CLOSED,DOOR_CLOSED,DOOR_CLOSED,DOOR_CLOSED,LIGHT_AUTO,WIPER_SWITCH_LOW
45200,0,GEAR_D,ENGINE_ON,20000,9,DOOR_CLOSED,DOOR_CLOSED,DOOR_CLOSED,DOOR_CLOSED,LIGHT_AUTO,WIPER_SWITCH_LOW
45300,0,GEAR_D,ENGINE_ON,20000,9,DOOR_CLOSED,DOOR_CLOSED,DOOR_CLOSED,DOOR_CLOSED,LIGHT_AUTO,WIPER_SWITCH_LOW
45400,0,GEAR_D,ENGINE_ON,20000,9,DOOR_CLOSED,DOOR_CLOSED,DOOR_CLOSED,DOOR_CLOSED,LIGHT_AUTO,WIPER_SWITCH_HIGH
45500,0,GEAR_D,ENGINE_ON,20000,9,DOOR_CLOSED,DOOR_CLOSED,DOOR_CLOSED,DOOR_CLOSED,LIGHT_AUTO,WIPER_SWITCH_HIGH
45600,0,GEAR_D,ENGINE_ON,20000,9,DOOR_CLOSED,DOOR_CLOSED,DOOR_CLOSED,DOOR_CLOSED,LIGHT_AUTO,WIPER_SWITCH_HIGH
45700,0,GEAR_D,ENGINE_ON,20000,9,DOOR_CLOSED,DOOR_CLOSED,DOOR_CLOSED,DOOR_CLOSED,LIGHT_AUTO,WIPER_SWITCH_HIGH
45800,0,GEAR_D,ENGINE_ON,20000,9,DOOR_CLOSED,DOOR_CLOSED,DOOR_CLOSED,DOOR_CLOSED,LIGHT_AUTO,WIPER_SWITCH_HIGH
45900,0,GEAR_D,ENGINE_ON,20000,9,DOOR_CLOSED,DOOR_CLOSED,DOOR_CLOSED,DOOR_CLOSED,LIGHT_AUTO,WIPER_SWITCH_HIGH
46000,0,GEAR_D,ENGINE_ON,20000,9,DOOR_CLOSED,DOOR_CLOSED,DOOR_CLOSED,DOOR_CLOSED,LIGHT_AUTO,WIPER_SWITCH_HIGH
46100,0,GEAR_D,ENGINE_ON,20000,9,DOOR_CLOSED,DOOR_CLOSED,DOOR_CLOSED,DOOR_CLOSED,LIGHT_AUTO,WIPER_SWITCH_HIGH
46200,0,GEAR_D,ENGINE_ON,20000,9,DOOR_CLOSED,DOOR_CLOSED,DOOR_CLOSED,DOOR_CLOSED,LIGHT_AUTO,WIPER_SWITCH_HIGH
46300,0,GEAR_D,ENGINE_ON,20000,9,DOOR_CLOSED,DOOR_CLOSED,DOOR_CLOSED,DOOR_CLOSED,LIGHT_AUTO,WIPER_SWITCH_HIGH
46400,0,GEAR_D,ENGINE_ON,20000,9,DOOR_CLOSED,DOOR_CLOSED,DOOR_CLOSED,DOOR_CLOSED,LIGHT_AUTO,WIPER_SWITCH_OFF
46500,0,GEAR_D,ENGINE_ON,20000,9,DOOR_CLOSED,DOOR_CLOSED,DOOR_CLOSED,DOOR_CLOSED,LIGHT_AUTO,WIPER_SWITCH_OFF
46600,0,GEAR_D,ENGINE_ON,20000,9,DOOR_CLOSED,DOOR_CLOSED,DOOR_CLOSED,DOOR_CLOSED,LIGHT_AUTO,WIPER_SWITCH_OFF
46700,0,GEAR_D,ENGINE_ON,20000,9,DOOR_CLOSED,DOOR_CLOSED,DOOR_CLOSED,DOOR_CLOSED,LIGHT_AUTO,WIPER_SWITCH_OFF
46800,0,GEAR_D,ENGINE_ON,20000,9,DOOR_CLOSED,DOOR_CLOSED,DOOR_CLOSED,DOOR_CLOSED,LIGHT_AUTO,WIPER_SWITCH_OFF
46900,0,GEAR_D,ENGINE_ON,20000,9,DOOR_CLOSED,DOOR_CLOSED,DOOR_CLOSED,DOOR_CLOSED,LIGHT_AUTO,WIPER_SWITCH_OFF
47000,0,GEAR_D,ENGINE_ON,20000,9,DOOR_CLOSED,DOOR_CLOSED,DOOR_CLOSED,DOOR_CLOSED,LIGHT_AUTO,WIPER_SWITCH_OFF
47100,0,GEAR_D,ENGINE_ON,20000,9,DOOR_CLOSED,DOOR_CLOSED,DOOR_CLOSED,DOOR_CLOSED,LIGHT_AUTO,WIPER_SWITCH_OFF
47200,0,GEAR_D,ENGINE_ON,20000,9,DOOR_CLOSED,DOOR_CLOSED,DOOR_CLOSED,DOOR_CLOSED,LIGHT_AUTO,WIPER_SWITCH_OFF
47300,0,GEAR_D,ENGINE_ON,20000,9,DOOR_CLOSED,DOOR_CLOSED,DOOR_CLOSED,DOOR_CLOSED,LIGHT_AUTO,WIPER_SWITCH_OFF
47400,0,GEAR_D,ENGINE_ON,20000,101,DOOR_CLOSED,DOOR_CLOSED,DOOR_CLOSED,DOOR_CLOSED,LIGHT_AUTO,WIPER_SWITCH_AUTO
47500,0,GEAR_D,ENGINE_ON,20000,101,DOOR_CLOSED,DOOR_CLOSED,DOOR_CLOSED,DOOR_CLOSED,LIGHT_AUTO,WIPER_SWITCH_AUTO
47600,0,GEAR_D,ENGINE_ON,20000,101,DOOR_CLOSED,DOOR_CLOSED,DOOR_CLOSED,DOOR_CLOSED,LIGHT_AUTO,WIPER_SWITCH_AUTO
47700,0,GEAR_D,ENGINE_ON,20000,101,DOOR_CLOSED,DOOR_CLOSED,DOOR_CLOSED,DOOR_CLOSED,LIGHT_AUTO,WIPER_SWITCH_AUTO
47800,0,GEAR_D,ENGINE_ON,20000,101,DOOR_CLOSED,DOOR_CLOSED,DOOR_CLOSED,DOOR_CLOSED,LIGHT_AUTO,WIPER_SWITCH_AUTO
47900,0,GEAR_D,ENGINE_ON,20000,101,DOOR_CLOSED,DOOR_CLOSED,DOOR_CLOSED,DOOR_CLOSED,LIGHT_AUTO,WIPER_SWITCH_AUTO
48000,0,GEAR_D,ENGINE_ON,20000,101,DOOR_CLOSED,DOOR_CLOSED,DOOR_CLOSED,DOOR_CLOSED,LIGHT_AUTO,WIPER_SWITCH_AUTO
48100,0,GEAR_D,ENGINE_ON,20000,101,DOOR_CLOSED,DOOR_CLOSED,DOOR_CLOSED,DOOR_CLOSED,LIGHT_AUTO,WIPER_SWITCH_AUTO
48200,0,GEAR_D,ENGINE_ON,20000,101,DOOR_CLOSED,DOOR_CLOSED,DOOR_CLOSED,DOOR_CLOSED,LIGHT_AUTO,WIPER_SWITCH_AUTO
48300,0,GEAR_D,ENGINE_ON,20000,101,DOOR_CLOSED,DOOR_CLOSED,DOOR_CLOSED,DOOR_CLOSED,LIGHT_AUTO,WIPER_SWITCH_AUTO
48400,0,GEAR_D,ENGINE_ON,20000,-1,DOOR_CLOSED,DOOR_CLOSED,DOOR_CLOSED,DOOR_CLOSED,LIGHT_AUTO,WIPER_SWITCH_AUTO
48500,0,GEAR_D,ENGINE_ON,20000,-1,DOOR_CLOSED,DOOR_CLOSED,DOOR_CLOSED,DOOR_CLOSED,LIGHT_AUTO,WIPER_SWITCH_AUTO
48600,0,GEAR_D,ENGINE_ON,20000,-1,DOOR_CLOSED,DOOR_CLOSED,DOOR_CLOSED,DOOR_CLOSED,LIGHT_AUTO,WIPER_SWITCH_AUTO
48700,0,GEAR_D,ENGINE_ON,20000,-1,DOOR_CLOSED,DOOR_CLOSED,DOOR_CLOSED,DOOR_CLOSED,LIGHT_AUTO,WIPER_SWITCH_AUTO
48800,0,GEAR_D,ENGINE_ON,20000,-1,DOOR_CLOSED,DOOR_CLOSED,DOOR_CLOSED,DOOR_CLOSED,LIGHT_AUTO,WIPER_SWITCH_AUTO
48900,0,GEAR_D,ENGINE_ON,20000,-1,DOOR_CLOSED,DOOR_CLOSED,DOOR_CLOSED,DOOR_CLOSED,LIGHT_AUTO,WIPER_SWITCH_AUTO
49000,0,GEAR_D,ENGINE_ON,20000,-1,DOOR_CLOSED,DOOR_CLOSED,DOOR_CLOSED,DOOR_CLOSED,LIGHT_AUTO,WIPER_SWITCH_AUTO
49100,0,GEAR_D,ENGINE_ON,20000,-1,DOOR_CLOSED,DOOR_CLOSED,DOOR_CLOSED,DOOR_CLOSED,LIGHT_AUTO,WIPER_SWITCH_AUTO
49200,0,GEAR_D,ENGINE_ON,20000,-1,DOOR_CLOSED,DOOR_CLOSED,DOOR_CLOSED,DOOR_CLOSED,LIGHT_AUTO,WIPER_SWITCH_AUTO
49300,0,GEAR_D,ENGINE_ON,20000,-1,DOOR_CLOSED,DOOR_CLOSED,DOOR_CLOSED,DOOR_CLOSED,LIGHT_AUTO,WIPER_SWITCH_AUTO
49400,0,GEAR_D,ENGINE_ON,20000,-1,DOOR_CLOSED,DOOR_CLOSED,DOOR_CLOSED,DOOR_CLOSED,LIGHT_AUTO,WIPER_SWITCH_HIGH
49500,0,GEAR_D,ENGINE_ON,20000,-1,DOOR_CLOSED,DOOR_CLOSED,DOOR_CLOSED,DOOR_CLOSED,LIGHT_AUTO,WIPER_SWITCH_HIGH
49600,0,GEAR_D,ENGINE_ON,20000,-1,DOOR_CLOSED,DOOR_CLOSED,DOOR_CLOSED,DOOR_CLOSED,LIGHT_AUTO,WIPER_SWITCH_HIGH
49700,0,GEAR_D,ENGINE_ON,20000,-1,DOOR_CLOSED,DOOR_CLOSED,DOOR_CLOSED,DOOR_CLOSED,LIGHT_AUTO,WIPER_SWITCH_HIGH
49800,0,GEAR_D,ENGINE_ON,20000,-1,DOOR_CLOSED,DOOR_CLOSED,DOOR_CLOSED,DOOR_CLOSED,LIGHT_AUTO,WIPER_SWITCH_HIGH
49900,0,GEAR_D,ENGINE_ON,20000,-1,DOOR_CLOSED,DOOR_CLOSED,DOOR_CLOSED,DOOR_CLOSED,LIGHT_AUTO,WIPER_SWITCH_HIGH
50000,0,GEAR_D,ENGINE_ON,20000,-1,DOOR_CLOSED,DOOR_CLOSED,DOOR_CLOSED,DOOR_CLOSED,LIGHT_AUTO,WIPER_SWITCH_HIGH
50100,0,GEAR_D,ENGINE_ON,20000,-1,DOOR_CLOSED,DOOR_CLOSED,DOOR_CLOSED,DOOR_CLOSED,LIGHT_AUTO,WIPER_SWITCH_HIGH
50200,0,GEAR_D,ENGINE_ON,20000,-1,DOOR_CLOSED,DOOR_CLOSED,DOOR_CLOSED,DOOR_CLOSED,LIGHT_AUTO,WIPER_SWITCH_HIGH
50300,0,GEAR_D,ENGINE_ON,20000,-1,DOOR_CLOSED,DOOR_CLOSED,DOOR_CLOSED,DOOR_CLOSED,LIGHT_AUTO,WIPER_SWITCH_HIGH
50400,0,GEAR_D,ENGINE_ON,20000,,DOOR_CLOSED,DOOR_CLOSED,DOOR_CLOSED,DOOR_CLOSED,LIGHT_AUTO,WIPER_SWITCH_AUTO
50500,0,GEAR_D,ENGINE_ON,20000,,DOOR_CLOSED,DOOR_CLOSED,DOOR_CLOSED,DOOR_CLOSED,LIGHT_AUTO,WIPER_SWITCH_AUTO
50600,0,GEAR_D,ENGINE_ON,20000,,DOOR_CLOSED,DOOR_CLOSED,DOOR_CLOSED,DOOR_CLOSED,LIGHT_AUTO,WIPER_SWITCH_AUTO
50700,0,GEAR_D,ENGINE_ON,20000,,DOOR_CLOSED,DOOR_CLOSED,DOOR_CLOSED,DOOR_CLOSED,LIGHT_AUTO,WIPER_SWITCH_AUTO
50800,0,GEAR_D,ENGINE_ON,20000,,DOOR_CLOSED,DOOR_CLOSED,DOOR_CLOSED,DOOR_CLOSED,LIGHT_AUTO,WIPER_SWITCH_AUTO
50900,0,GEAR_D,ENGINE_ON,20000,,DOOR_CLOSED,DOOR_CLOSED,DOOR_CLOSED,DOOR_CLOSED,LIGHT_AUTO,WIPER_SWITCH_AUTO
51000,0,GEAR_P,ENGINE_OFF,20000,101,DOOR_CLOSED,DOOR_CLOSED,DOOR_CLOSED,DOOR_CLOSED,LIGHT_AUTO,WIPER_SWITCH_AUTO
51100,0,GEAR_P,ENGINE_OFF,20000,101,DOOR_CLOSED,DOOR_CLOSED,DOOR_CLOSED,DOOR_CLOSED,LIGHT_AUTO,WIPER_SWITCH_AUTO
51200,0,GEAR_P,ENGINE_OFF,20000,101,DOOR_CLOSED,DOOR_CLOSED,DOOR_CLOSED,DOOR_CLOSED,LIGHT_AUTO,WIPER_SWITCH_AUTO
51300,0,GEAR_P,ENGINE_OFF,20000,101,DOOR_CLOSED,DOOR_CLOSED,DOOR_CLOSED,DOOR_CLOSED,LIGHT_AUTO,WIPER_SWITCH_AUTO
51400,0,GEAR_P,ENGINE_OFF,20000,101,DOOR_CLOSED,DOOR_CLOSED,DOOR_CLOSED,DOOR_CLOSED,LIGHT_AUTO,WIPER_SWITCH_AUTO
51500,0,GEAR_P,ENGINE_ON,20000,100,DOOR_CLOSED,DOOR_CLOSED,DOOR_CLOSED,DOOR_CLOSED,LIGHT_AUTO,WIPER_SWITCH_AUTO
51600,0,GEAR_P,ENGINE_ON,20000,100,DOOR_CLOSED,DOOR_CLOSED,DOOR_CLOSED,DOOR_CLOSED,LIGHT_AUTO,WIPER_SWITCH_AUTO
51700,0,GEAR_P,ENGINE_ON,20000,100,DOOR_CLOSED,DOOR_CLOSED,DOOR_CLOSED,DOOR_CLOSED,LIGHT_AUTO,WIPER_SWITCH_AUTO
51800,0,GEAR_P,ENGINE_ON,20000,100,DOOR_CLOSED,DOOR_CLOSED,DOOR_CLOSED,DOOR_CLOSED,LIGHT_AUTO,WIPER_SWITCH_AUTO
51900,0,GEAR_P,ENGINE_ON,20000,100,DOOR_CLOSED,DOOR_CLOSED,DOOR_CLOSED,DOOR_CLOSED,LIGHT_AUTO,WIPER_SWITCH_AUTO
52000,0,GEAR_P,ENGINE_ON,20000,100,DOOR_CLOSED,DOOR_CLOSED,DOOR_CLOSED,DOOR_CLOSED,LIGHT_AUTO,WIPER_SWITCH_AUTO
52100,0,GEAR_P,ENGINE_ON,20000,100,DOOR_CLOSED,DOOR_CLOSED,DOOR_CLOSED,DOOR_CLOSED,LIGHT_AUTO,WIPER_SWITCH_AUTO
52200,0,GEAR_P,ENGINE_ON,20000,100,DOOR_CLOSED,DOOR_CLOSED,DOOR_CLOSED,DOOR_CLOSED,LIGHT_AUTO,WIPER_SWITCH_AUTO
52300,0,GEAR_P,ENGINE_ON,20000,100,DOOR_CLOSED,DOOR_CLOSED,DOOR_CLOSED,DOOR_CLOSED,LIGHT_AUTO,WIPER_SWITCH_AUTO
52400,0,GEAR_P,ENGINE_ON,20000,100,DOOR_CLOSED,DOOR_CLOSED,DOOR_CLOSED,DOOR_CLOSED,LIGHT_AUTO,WIPER_SWITCH_AUTO
52500,0,GEAR_P,ENGINE_ON,20000,0,DOOR_CLOSED,DOOR_CLOSED,DOOR_CLOSED,DOOR_CLOSED,LIGHT_AUTO,WIPER_SWITCH_AUTO
52600,0,GEAR_P,ENGINE_ON,20000,0,DOOR_CLOSED,DOOR_CLOSED,DOOR_CLOSED,DOOR_CLOSED,LIGHT_AUTO,WIPER_SWITCH_AUTO
52700,0,GEAR_P,ENGINE_ON,20000,0,DOOR_CLOSED,DOOR_CLOSED,DOOR_CLOSED,DOOR_CLOSED,LIGHT_AUTO,WIPER_SWITCH_AUTO
52800,0,GEAR_P,ENGINE_ON,20000,0,DOOR_CLOSED,DOOR_CLOSED,DOOR_CLOSED,DOOR_CLOSED,LIGHT_AUTO,WIPER_SWITCH_AUTO
52900,0,GEAR_P,ENGINE_ON,20000,0,DOOR_CLOSED,DOOR_CLOSED,DOOR_CLOSED,DOOR_CLOSED,LIGHT_AUTO,WIPER_SWITCH_AUTO
53000,0,GEAR_P,ENGINE_ON,20000,0,DOOR_CLOSED,DOOR_CLOSED,DOOR_CLOSED,DOOR_CLOSED,LIGHT_AUTO,WIPER_SWITCH_AUTO
53100,0,GEAR_P,ENGINE_ON,20000,0,DOOR_CLOSED,DOOR_CLOSED,DOOR_CLOSED,DOOR_CLOSED,LIGHT_AUTO,WIPER_SWITCH_AUTO
53200,0,GEAR_P,ENGINE_ON,20000,0,DOOR_CLOSED,DOOR_CLOSED,DOOR_CLOSED,DOOR_CLOSED,LIGHT_AUTO,WIPER_SWITCH_AUTO
53300,0,GEAR_P,ENGINE_ON,20000,0,DOOR_CLOSED,DOOR_CLOSED,DOOR_CLOSED,DOOR_CLOSED,LIGHT_AUTO,WIPER_SWITCH_AUTO
53400,0,GEAR_P,ENGINE_ON,20000,0,DOOR_CLOSED,DOOR_CLOSED,DOOR_CLOSED,DOOR_CLOSED,LIGHT_AUTO,WIPER_SWITCH_AUTO
53500,0,GEAR_P,ENGINE_ON,20000,0,DOOR_CLOSED,DOOR_CLOSED,DOOR_CLOSED,DOOR_CLOSED,LIGHT_AUTO,WIPER_SWITCH_AUTO
53600,0,GEAR_P,ENGINE_ON,20000,0,DOOR_CLOSED,DOOR_CLOSED,DOOR_CLOSED,DOOR_CLOSED,LIGHT_AUTO,WIPER_SWITCH_AUTO
53700,0,GEAR_P,ENGINE_ON,20000,0,DOOR_CLOSED,DOOR_CLOSED,DOOR_CLOSED,DOOR_CLOSED,LIGHT_AUTO,WIPER_SWITCH_AUTO
53800,0,GEAR_P,ENGINE_ON,20000,0,DOOR_CLOSED,DOOR_CLOSED,DOOR_CLOSED,DOOR_CLOSED,LIGHT_AUTO,WIPER_SWITCH_AUTO
53900,0,GEAR_P,ENGINE_ON,20000,0,DOOR_CLOSED,DOOR_CLOSED,DOOR_CLOSED,DOOR_CLOSED,LIGHT_AUTO,WIPER_SWITCH_AUTO
54000,0,GEAR_P,ENGINE_ON,20000,0,DOOR_CLOSED,DOOR_CLOSED,DOOR_CLOSED,DOOR_CLOSED,LIGHT_AUTO,WIPER_SWITCH_AUTO
54100,0,GEAR_P,ENGINE_ON,20000,0,DOOR_CLOSED,DOOR_CLOSED,DOOR_CLOSED,DOOR_CLOSED,LIGHT_AUTO,WIPER_SWITCH_AUTO
54200,0,GEAR_P,ENGINE_ON,20000,0,DOOR_CLOSED,DOOR_CLOSED,DOOR_CLOSED,DOOR_CLOSED,LIGHT_AUTO,WIPER_SWITCH_AUTO
54300,0,GEAR_P,ENGINE_ON,20000,0,DOOR_CLOSED,DOOR_CLOSED,DOOR_CLOSED,DOOR_CLOSED,LIGHT_AUTO,WIPER_SWITCH_AUTO
54400,0,GEAR_P,ENGINE_ON,20000,0,DOOR_CLOSED,DOOR_CLOSED,DOOR_CLOSED,DOOR_CLOSED,LIGHT_AUTO,WIPER_SWITCH_AUTO
54500,14,GEAR_D,ENGINE_ON,20000,0,DOOR_CLOSED,DOOR_CLOSED,DOOR_CLOSED,DOOR_CLOSED,LIGHT_AUTO,WIPER_SWITCH_AUTO
54600,14,GEAR_D,ENGINE_ON,20000,0,DOOR_CLOSED,DOOR_CLOSED,DOOR_CLOSED,DOOR_CLOSED,LIGHT_AUTO,WIPER_SWITCH_AUTO
54700,14,GEAR_D,ENGINE_ON,20000,0,DOOR_CLOSED,DOOR_CLOSED,DOOR_CLOSED,DOOR_CLOSED,LIGHT_AUTO,WIPER_SWITCH_AUTO
54800,14,GEAR_D,ENGINE_ON,20000,0,DOOR_CLOSED,DOOR_CLOSED,DOOR_CLOSED,DOOR_CLOSED,LIGHT_AUTO,WIPER_SWITCH_AUTO
54900,14,GEAR_D,ENGINE_ON,20000,0,DOOR_CLOSED,DOOR_CLOSED,DOOR_CLOSED,DOOR_CLOSED,LIGHT_AUTO,WIPER_SWITCH_AUTO
55000,14,GEAR_D,ENGINE_ON,20000,0,DOOR_CLOSED,DOOR_CLOSED,DOOR_CLOSED,DOOR_CLOSED,LIGHT_AUTO,WIPER_SWITCH_AUTO
55100,14,GEAR_D,ENGINE_ON,20000,0,DOOR_CLOSED,DOOR_CLOSED,DOOR_CLOSED,DOOR_CLOSED,LIGHT_AUTO,WIPER_SWITCH_AUTO
55200,14,GEAR_D,ENGINE_ON,20000,0,DOOR_CLOSED,DOOR_CLOSED,DOOR_CLOSED,DOOR_CLOSED,LIGHT_AUTO,WIPER_SWITCH_AUTO
55300,14,GEAR_D,ENGINE_ON,20000,0,DOOR_CLOSED,DOOR_CLOSED,DOOR_CLOSED,DOOR_CLOSED,LIGHT_AUTO,WIPER_SWITCH_AUTO
55400,14,GEAR_D,ENGINE_ON,20000,0,DOOR_CLOSED,DOOR_CLOSED,DOOR_CLOSED,DOOR_CLOSED,LIGHT_AUTO,WIPER_SWITCH_AUTO
55500,15,GEAR_D,ENGINE_ON,20000,0,DOOR_CLOSED,DOOR_CLOSED,DOOR_CLOSED,DOOR_CLOSED,LIGHT_AUTO,WIPER_SWITCH_AUTO
55600,15,GEAR_D,ENGINE_ON,20000,0,DOOR_CLOSED,DOOR_CLOSED,DOOR_CLOSED,DOOR_CLOSED,LIGHT_AUTO,WIPER_SWITCH_AUTO
55700,15,GEAR_D,ENGINE_ON,20000,0,DOOR_CLOSED,DOOR_CLOSED,DOOR_CLOSED,DOOR_CLOSED,LIGHT_AUTO,WIPER_SWITCH_AUTO
55800,15,GEAR_D,ENGINE_ON,20000,0,DOOR_CLOSED,DOOR_CLOSED,DOOR_CLOSED,DOOR_CLOSED,LIGHT_AUTO,WIPER_SWITCH_AUTO
55900,15,GEAR_D,ENGINE_ON,20000,0,DOOR_CLOSED,DOOR_CLOSED,DOOR_CLOSED,DOOR_CLOSED,LIGHT_AUTO,WIPER_SWITCH_AUTO
56000,15,GEAR_D,ENGINE_ON,20000,0,DOOR_CLOSED,DOOR_CLOSED,DOOR_CLOSED,DOOR_CLOSED,LIGHT_AUTO,WIPER_SWITCH_AUTO
56100,15,GEAR_D,ENGINE_ON,20000,0,DOOR_CLOSED,DOOR_CLOSED,DOOR_CLOSED,DOOR_CLOSED,LIGHT_AUTO,WIPER_SWITCH_AUTO
56200,15,GEAR_D,ENGINE_ON,20000,0,DOOR_CLOSED,DOOR_CLOSED,DOOR_CLOSED,DOOR_CLOSED,LIGHT_AUTO,WIPER_SWITCH_AUTO
56300,15,GEAR_D,ENGINE_ON,20000,0,DOOR_CLOSED,DOOR_CLOSED,DOOR_CLOSED,DOOR_CLOSED,LIGHT_AUTO,WIPER_SWITCH_AUTO
56400,15,GEAR_D,ENGINE_ON,20000,0,DOOR_CLOSED,DOOR_CLOSED,DOOR_CLOSED,DOOR_CLOSED,LIGHT_AUTO,WIPER_SWITCH_AUTO
56500,14,GEAR_D,ENGINE_ON,20000,0,DOOR_CLOSED,DOOR_CLOSED,DOOR_CLOSED,DOOR_CLOSED,LIGHT_AUTO,WIPER_SWITCH_AUTO
56600,14,GEAR_D,ENGINE_ON,20000,0,DOOR_CLOSED,DOOR_CLOSED,DOOR_CLOSED,DOOR_CLOSED,LIGHT_AUTO,WIPER_SWITCH_AUTO
56700,14,GEAR_D,ENGINE_ON,20000,0,DOOR_CLOSED,DOOR_CLOSED,DOOR_CLOSED,DOOR_CLOSED,LIGHT_AUTO,WIPER_SWITCH_AUTO
56800,14,GEAR_D,ENGINE_ON,20000,0,DOOR_CLOSED,DOOR_CLOSED,DOOR_CLOSED,DOOR_CLOSED,LIGHT_AUTO,WIPER_SWITCH_AUTO
56900,14,GEAR_D,ENGINE_ON,20000,0,DOOR_CLOSED,DOOR_CLOSED,DOOR_CLOSED,DOOR_CLOSED,LIGHT_AUTO,WIPER_SWITCH_AUTO
57000,14,GEAR_D,ENGINE_ON,20000,0,DOOR_CLOSED,DOOR_CLOSED,DOOR_CLOSED,DOOR_CLOSED,LIGHT_AUTO,WIPER_SWITCH_AUTO
57100,14,GEAR_D,ENGINE_ON,20000,0,DOOR_CLOSED,DOOR_CLOSED,DOOR_CLOSED,DOOR_CLOSED,LIGHT_AUTO,WIPER_SWITCH_AUTO
57200,14,GEAR_D,ENGINE_ON,20000,0,DOOR_CLOSED,DOOR_CLOSED,DOOR_CLOSED,DOOR_CLOSED,LIGHT_AUTO,WIPER_SWITCH_AUTO
57300,14,GEAR_D,ENGINE_ON,20000,0,DOOR_CLOSED,DOOR_CLOSED,DOOR_CLOSED,DOOR_CLOSED,LIGHT_AUTO,WIPER_SWITCH_AUTO
57400,14,GEAR_D,ENGINE_ON,20000,0,DOOR_CLOSED,DOOR_CLOSED,DOOR_CLOSED,DOOR_CLOSED,LIGHT_AUTO,WIPER_SWITCH_AUTO
57500,0,GEAR_N,ENGINE_ON,20000,0,DOOR_CLOSED,DOOR_CLOSED,DOOR_CLOSED,DOOR_CLOSED,LIGHT_AUTO,WIPER_SWITCH_AUTO
57600,0,GEAR_N,ENGINE_ON,20000,0,DOOR_CLOSED,DOOR_CLOSED,DOOR_CLOSED,DOOR_CLOSED,LIGHT_AUTO,WIPER_SWITCH_AUTO
57700,0,GEAR_N,ENGINE_ON,20000,0,DOOR_CLOSED,DOOR_CLOSED,DOOR_CLOSED,DOOR_CLOSED,LIGHT_AUTO,WIPER_SWITCH_AUTO
57800,0,GEAR_N,ENGINE_ON,20000,0,DOOR_CLOSED,DOOR_CLOSED,DOOR_CLOSED,DOOR_CLOSED,LIGHT_AUTO,WIPER_SWITCH_AUTO
57900,0,GEAR_N,ENGINE_ON,20000,0,DOOR_CLOSED,DOOR_CLOSED,DOOR_CLOSED,DOOR_CLOSED,LIGHT_AUTO,WIPER_SWITCH_AUTO
58000,0,GEAR_N,ENGINE_ON,20000,0,DOOR_CLOSED,DOOR_CLOSED,DOOR_CLOSED,DOOR_CLOSED,LIGHT_AUTO,WIPER_SWITCH_AUTO
58100,0,GEAR_N,ENGINE_ON,20000,0,DOOR_CLOSED,DOOR_CLOSED,DOOR_CLOSED,DOOR_CLOSED,LIGHT_AUTO,WIPER_SWITCH_AUTO
58200,0,GEAR_N,ENGINE_ON,20000,0,DOOR_CLOSED,DOOR_CLOSED,DOOR_CLOSED,DOOR_CLOSED,LIGHT_AUTO,WIPER_SWITCH_AUTO
58300,0,GEAR_N,ENGINE_ON,20000,0,DOOR_CLOSED,DOOR_CLOSED,DOOR_CLOSED,DOOR_CLOSED,LIGHT_AUTO,WIPER_SWITCH_AUTO
58400,0,GEAR_N,ENGINE_ON,20000,0,DOOR_CLOSED,DOOR_CLOSED,DOOR_CLOSED,DOOR_CLOSED,LIGHT_AUTO,WIPER_SWITCH_AUTO
58500,0,GEAR_P,ENGINE_ON,20000,0,DOOR_CLOSED,DOOR_CLOSED,DOOR_CLOSED,DOOR_CLOSED,LIGHT_AUTO,WIPER_SWITCH_AUTO
58600,0,GEAR_P,ENGINE_ON,20000,0,DOOR_CLOSED,DOOR_CLOSED,DOOR_CLOSED,DOOR_CLOSED,LIGHT_AUTO,WIPER_SWITCH_AUTO
58700,0,GEAR_P,ENGINE_ON,20000,0,DOOR_CLOSED,DOOR_CLOSED,DOOR_CLOSED,DOOR_CLOSED,LIGHT_AUTO,WIPER_SWITCH_AUTO
58800,0,GEAR_P,ENGINE_ON,20000,0,DOOR_CLOSED,DOOR_CLOSED,DOOR_CLOSED,DOOR_CLOSED,LIGHT_AUTO,WIPER_SWITCH_AUTO
58900,0,GEAR_P,ENGINE_ON,20000,0,DOOR_CLOSED,DOOR_CLOSED,DOOR_CLOSED,DOOR_CLOSED,LIGHT_AUTO,WIPER_SWITCH_AUTO
59000,0,GEAR_P,ENGINE_ON,20000,0,DOOR_CLOSED,DOOR_CLOSED,DOOR_CLOSED,DOOR_CLOSED,LIGHT_AUTO,WIPER_SWITCH_AUTO
59100,0,GEAR_P,ENGINE_ON,20000,0,DOOR_CLOSED,DOOR_CLOSED,DOOR_CLOSED,DOOR_CLOSED,LIGHT_AUTO,WIPER_SWITCH_AUTO
59200,0,GEAR_P,ENGINE_ON,20000,0,DOOR_CLOSED,DOOR_CLOSED,DOOR_CLOSED,DOOR_CLOSED,LIGHT_AUTO,WIPER_SWITCH_AUTO
59300,0,GEAR_P,ENGINE_ON,20000,0,DOOR_CLOSED,DOOR_CLOSED,DOOR_CLOSED,DOOR_CLOSED,LIGHT_AUTO,WIPER_SWITCH_AUTO
59400,0,GEAR_P,ENGINE_ON,20000,0,DOOR_CLOSED,DOOR_CLOSED,DOOR_CLOSED,DOOR_CLOSED,LIGHT_AUTO,WIPER_SWITCH_AUTO
59500,16,GEAR_R,ENGINE_ON,20000,0,DOOR_CLOSED,DOOR_CLOSED,DOOR_CLOSED,DOOR_CLOSED,LIGHT_AUTO,WIPER_SWITCH_AUTO
59600,16,GEAR_R,ENGINE_ON,20000,0,DOOR_CLOSED,DOOR_CLOSED,DOOR_CLOSED,DOOR_CLOSED,LIGHT_AUTO,WIPER_SWITCH_AUTO
59700,16,GEAR_R,ENGINE_ON,20000,0,DOOR_CLOSED,DOOR_CLOSED,DOOR_CLOSED,DOOR_CLOSED,LIGHT_AUTO,WIPER_SWITCH_AUTO
59800,16,GEAR_R,ENGINE_ON,20000,0,DOOR_CLOSED,DOOR_CLOSED,DOOR_CLOSED,DOOR_CLOSED,LIGHT_AUTO,WIPER_SWITCH_AUTO
59900,16,GEAR_R,ENGINE_ON,20000,0,DOOR_CLOSED,DOOR_CLOSED,DOOR_CLOSED,DOOR_CLOSED,LIGHT_AUTO,WIPER_SWITCH_AUTO
60000,16,GEAR_R,ENGINE_ON,20000,0,DOOR_CLOSED,DOOR_CLOSED,DOOR_CLOSED,DOOR_CLOSED,LIGHT_AUTO,WIPER_SWITCH_AUTO
60100,16,GEAR_R,ENGINE_ON,20000,0,DOOR_CLOSED,DOOR_CLOSED,DOOR_CLOSED,DOOR_CLOSED,LIGHT_AUTO,WIPER_SWITCH_AUTO
60200,16,GEAR_R,ENGINE_ON,20000,0,DOOR_CLOSED,DOOR_CLOSED,DOOR_CLOSED,DOOR_CLOSED,LIGHT_AUTO,WIPER_SWITCH_AUTO
60300,16,GEAR_R,ENGINE_ON,20000,0,DOOR_CLOSED,DOOR_CLOSED,DOOR_CLOSED,DOOR_CLOSED,LIGHT_AUTO,WIPER_SWITCH_AUTO
60400,16,GEAR_R,ENGINE_ON,20000,0,DOOR_CLOSED,DOOR_CLOSED,DOOR_CLOSED,DOOR_CLOSED,LIGHT_AUTO,WIPER_SWITCH_AUTO
60500,251,GEAR_R,ENGINE_ON,20000,0,DOOR_CLOSED,DOOR_CLOSED,DOOR_CLOSED,DOOR_CLOSED,LIGHT_AUTO,WIPER_SWITCH_AUTO
60600,251,GEAR_R,ENGINE_ON,20000,0,DOOR_CLOSED,DOOR_CLOSED,DOOR_CLOSED,DOOR_CLOSED,LIGHT_AUTO,WIPER_SWITCH_AUTO
60700,251,GEAR_R,ENGINE_ON,20000,0,DOOR_CLOSED,DOOR_CLOSED,DOOR_CLOSED,DOOR_CLOSED,LIGHT_AUTO,WIPER_SWITCH_AUTO
60800,251,GEAR_R,ENGINE_ON,20000,0,DOOR_CLOSED,DOOR_CLOSED,DOOR_CLOSED,DOOR_CLOSED,LIGHT_AUTO,WIPER_SWITCH_AUTO
60900,251,GEAR_R,ENGINE_ON,20000,0,DOOR_CLOSED,DOOR_CLOSED,DOOR_CLOSED,DOOR_CLOSED,LIGHT_AUTO,WIPER_SWITCH_AUTO
61000,251,GEAR_R,ENGINE_ON,20000,0,DOOR_CLOSED,DOOR_CLOSED,DOOR_CLOSED,DOOR_CLOSED,LIGHT_AUTO,WIPER_SWITCH_AUTO
61100,251,GEAR_R,ENGINE_ON,20000,0,DOOR_CLOSED,DOOR_CLOSED,DOOR_CLOSED,DOOR_CLOSED,LIGHT_AUTO,WIPER_SWITCH_AUTO
61200,251,GEAR_R,ENGINE_ON,20000,0,DOOR_CLOSED,DOOR_CLOSED,DOOR_CLOSED,DOOR_CLOSED,LIGHT_AUTO,WIPER_SWITCH_AUTO
61300,251,GEAR_R,ENGINE_ON,20000,0,DOOR_CLOSED,DOOR_CLOSED,DOOR_CLOSED,DOOR_CLOSED,LIGHT_AUTO,WIPER_SWITCH_AUTO
61400,251,GEAR_R,ENGINE_ON,20000,0,DOOR_CLOSED,DOOR_CLOSED,DOOR_CLOSED,DOOR_CLOSED,LIGHT_AUTO,WIPER_SWITCH_AUTO
61500,0,GEAR_R,ENGINE_OFF,20000,0,DOOR_CLOSED,DOOR_CLOSED,DOOR_CLOSED,DOOR_CLOSED,LIGHT_AUTO,WIPER_SWITCH_AUTO
61600,0,GEAR_R,ENGINE_OFF,20000,0,DOOR_CLOSED,DOOR_CLOSED,DOOR_CLOSED,DOOR_CLOSED,LIGHT_AUTO,WIPER_SWITCH_AUTO
61700,0,GEAR_R,ENGINE_OFF,20000,0,DOOR_CLOSED,DOOR_CLOSED,DOOR_CLOSED,DOOR_CLOSED,LIGHT_AUTO,WIPER_SWITCH_AUTO
61800,0,GEAR_R,ENGINE_OFF,20000,0,DOOR_CLOSED,DOOR_CLOSED,DOOR_CLOSED,DOOR_CLOSED,LIGHT_AUTO,WIPER_SWITCH_AUTO
61900,0,GEAR_R,ENGINE_OFF,20000,0,DOOR_CLOSED,DOOR_CLOSED,DOOR_CLOSED,DOOR_CLOSED,LIGHT_AUTO,WIPER_SWITCH_AUTO
62000,0,GEAR_R,ENGINE_OFF,20000,0,DOOR_CLOSED,DOOR_CLOSED,DOOR_CLOSED,DOOR_CLOSED,LIGHT_AUTO,WIPER_SWITCH_AUTO
62100,0,GEAR_R,ENGINE_OFF,20000,0,DOOR_CLOSED,DOOR_CLOSED,DOOR_CLOSED,DOOR_CLOSED,LIGHT_AUTO,WIPER_SWITCH_AUTO
62200,0,GEAR_R,ENGINE_OFF,20000,0,DOOR_CLOSED,DOOR_CLOSED,DOOR_CLOSED,DOOR_CLOSED,LIGHT_AUTO,WIPER_SWITCH_AUTO
62300,0,GEAR_R,ENGINE_OFF,20000,0,DOOR_CLOSED,DOOR_CLOSED,DOOR_CLOSED,DOOR_CLOSED,LIGHT_AUTO,WIPER_SWITCH_AUTO
62400,0,GEAR_R,ENGINE_OFF,20000,0,DOOR_CLOSED,DOOR_CLOSED,DOOR_CLOSED,DOOR_CLOSED,LIGHT_AUTO,WIPER_SWITCH_AUTO
62500,251,GEAR_R,ENGINE_ON,20000,0,DOOR_CLOSED,DOOR_CLOSED,DOOR_CLOSED,DOOR_CLOSED,LIGHT_AUTO,WIPER_SWITCH_AUTO
62600,251,GEAR_R,ENGINE_ON,20000,0,DOOR_CLOSED,DOOR_CLOSED,DOOR_CLOSED,DOOR_CLOSED,LIGHT_AUTO,WIPER_SWITCH_AUTO
62700,251,GEAR_R,ENGINE_ON,20000,0,DOOR_CLOSED,DOOR_CLOSED,DOOR_CLOSED,DOOR_CLOSED,LIGHT_AUTO,WIPER_SWITCH_AUTO
62800,251,GEAR_R,ENGINE_ON,20000,0,DOOR_CLOSED,DOOR_CLOSED,DOOR_CLOSED,DOOR_CLOSED,LIGHT_AUTO,WIPER_SWITCH_AUTO
62900,251,GEAR_R,ENGINE_ON,20000,0,DOOR_CLOSED,DOOR_CLOSED,DOOR_CLOSED,DOOR_CLOSED,LIGHT_AUTO,WIPER_SWITCH_AUTO
63000,251,GEAR_R,ENGINE_ON,20000,0,DOOR_CLOSED,DOOR_CLOSED,DOOR_CLOSED,DOOR_CLOSED,LIGHT_AUTO,WIPER_SWITCH_AUTO
63100,251,GEAR_R,ENGINE_ON,20000,0,DOOR_CLOSED,DOOR_CLOSED,DOOR_CLOSED,DOOR_CLOSED,LIGHT_AUTO,WIPER_SWITCH_AUTO
63200,251,GEAR_R,ENGINE_ON,20000,0,DOOR_CLOSED,DOOR_CLOSED,DOOR_CLOSED,DOOR_CLOSED,LIGHT_AUTO,WIPER_SWITCH_AUTO
63300,251,GEAR_R,ENGINE_ON,20000,0,DOOR_CLOSED,DOOR_CLOSED,DOOR_CLOSED,DOOR_CLOSED,LIGHT_AUTO,WIPER_SWITCH_AUTO
63400,251,GEAR_R,ENGINE_ON,20000,0,DOOR_CLOSED,DOOR_CLOSED,DOOR_CLOSED,DOOR_CLOSED,LIGHT_AUTO,WIPER_SWITCH_AUTO
63500,0,GEAR_D,ENGINE_ON,20000,0,DOOR_OPEN,DOOR_CLOSED,DOOR_CLOSED,DOOR_CLOSED,LIGHT_AUTO,WIPER_SWITCH_AUTO
63600,0,GEAR_D,ENGINE_ON,20000,0,DOOR_OPEN,DOOR_CLOSED,DOOR_CLOSED,DOOR_CLOSED,LIGHT_AUTO,WIPER_SWITCH_AUTO
63700,0,GEAR_D,ENGINE_ON,20000,0,DOOR_OPEN,DOOR_CLOSED,DOOR_CLOSED,DOOR_CLOSED,LIGHT_AUTO,WIPER_SWITCH_AUTO
63800,0,GEAR_D,ENGINE_ON,20000,0,DOOR_OPEN,DOOR_CLOSED,DOOR_CLOSED,DOOR_CLOSED,LIGHT_AUTO,WIPER_SWITCH_AUTO
63900,0,GEAR_D,ENGINE_ON,20000,0,DOOR_OPEN,DOOR_CLOSED,DOOR_CLOSED,DOOR_CLOSED,LIGHT_AUTO,WIPER_SWITCH_AUTO
64000,0,GEAR_D,ENGINE_ON,20000,0,DOOR_OPEN,DOOR_CLOSED,DOOR_CLOSED,DOOR_CLOSED,LIGHT_AUTO,WIPER_SWITCH_AUTO
64100,0,GEAR_D,ENGINE_ON,20000,0,DOOR_OPEN,DOOR_CLOSED,DOOR_CLOSED,DOOR_CLOSED,LIGHT_AUTO,WIPER_SWITCH_AUTO
64200,0,GEAR_D,ENGINE_ON,20000,0,DOOR_OPEN,DOOR_CLOSED,DOOR_CLOSED,DOOR_CLOSED,LIGHT_AUTO,WIPER_SWITCH_AUTO
64300,0,GEAR_D,ENGINE_ON,20000,0,DOOR_OPEN,DOOR_CLOSED,DOOR_CLOSED,DOOR_CLOSED,LIGHT_AUTO,WIPER_SWITCH_AUTO
64400,0,GEAR_D,ENGINE_ON,20000,0,DOOR_OPEN,DOOR_CLOSED,DOOR_CLOSED,DOOR_CLOSED,LIGHT_AUTO,WIPER_SWITCH_AUTO
64500,1,GEAR_D,ENGINE_ON,20000,0,DOOR_OPEN,DOOR_CLOSED,DOOR_CLOSED,DOOR_CLOSED,LIGHT_AUTO,WIPER_SWITCH_AUTO
64600,1,GEAR_D,ENGINE_ON,20000,0,DOOR_OPEN,DOOR_CLOSED,DOOR_CLOSED,DOOR_CLOSED,LIGHT_AUTO,WIPER_SWITCH_AUTO
64700,1,GEAR_D,ENGINE_ON,20000,0,DOOR_OPEN,DOOR_CLOSED,DOOR_CLOSED,DOOR_CLOSED,LIGHT_AUTO,WIPER_SWITCH_AUTO
64800,1,GEAR_D,ENGINE_ON,20000,0,DOOR_OPEN,DOOR_CLOSED,DOOR_CLOSED,DOOR_CLOSED,LIGHT_AUTO,WIPER_SWITCH_AUTO
64900,1,GEAR_D,ENGINE_ON,20000,0,DOOR_OPEN,DOOR_CLOSED,DOOR_CLOSED,DOOR_CLOSED,LIGHT_AUTO,WIPER_SWITCH_AUTO
65000,1,GEAR_D,ENGINE_ON,20000,0,DOOR_OPEN,DOOR_CLOSED,DOOR_CLOSED,DOOR_CLOSED,LIGHT_AUTO,WIPER_SWITCH_AUTO
65100,1,GEAR_D,ENGINE_ON,20000,0,DOOR_OPEN,DOOR_CLOSED,DOOR_CLOSED,DOOR_CLOSED,LIGHT_AUTO,WIPER_SWITCH_AUTO
65200,1,GEAR_D,ENGINE_ON,20000,0,DOOR_OPEN,DOOR_CLOSED,DOOR_CLOSED,DOOR_CLOSED,LIGHT_AUTO,WIPER_SWITCH_AUTO
65300,1,GEAR_D,ENGINE_ON,20000,0,DOOR_OPEN,DOOR_CLOSED,DOOR_CLOSED,DOOR_CLOSED,LIGHT_AUTO,WIPER_SWITCH_AUTO
65400,1,GEAR_D,ENGINE_ON,20000,0,DOOR_OPEN,DOOR_CLOSED,DOOR_CLOSED,DOOR_CLOSED,LIGHT_AUTO,WIPER_SWITCH_AUTO
65500,1,GEAR_D,ENGINE_ON,20000,0,DOOR_CLOSED,DOOR_OPEN,DOOR_CLOSED,DOOR_CLOSED,LIGHT_AUTO,WIPER_SWITCH_AUTO
65600,1,GEAR_D,ENGINE_ON,20000,0,DOOR_CLOSED,DOOR_OPEN,DOOR_CLOSED,DOOR_CLOSED,LIGHT_AUTO,WIPER_SWITCH_AUTO
65700,1,GEAR_D,ENGINE_ON,20000,0,DOOR_CLOSED,DOOR_OPEN,DOOR_CLOSED,DOOR_CLOSED,LIGHT_AUTO,WIPER_SWITCH_AUTO
65800,1,GEAR_D,ENGINE_ON,20000,0,DOOR_CLOSED,DOOR_OPEN,DOOR_CLOSED,DOOR_CLOSED,LIGHT_AUTO,WIPER_SWITCH_AUTO
65900,1,GEAR_D,ENGINE_ON,20000,0,DOOR_CLOSED,DOOR_OPEN,DOOR_CLOSED,DOOR_CLOSED,LIGHT_AUTO,WIPER_SWITCH_AUTO
66000,1,GEAR_D,ENGINE_ON,20000,0,DOOR_CLOSED,DOOR_OPEN,DOOR_CLOSED,DOOR_CLOSED,LIGHT_AUTO,WIPER_SWITCH_AUTO
66100,1,GEAR_D,ENGINE_ON,20000,0,DOOR_CLOSED,DOOR_OPEN,DOOR_CLOSED,DOOR_CLOSED,LIGHT_AUTO,WIPER_SWITCH_AUTO
66200,1,GEAR_D,ENGINE_ON,20000,0,DOOR_CLOSED,DOOR_OPEN,DOOR_CLOSED,DOOR_CLOSED,LIGHT_AUTO,WIPER_SWITCH_AUTO
66300,1,GEAR_D,ENGINE_ON,20000,0,DOOR_CLOSED,DOOR_OPEN,DOOR_CLOSED,DOOR_CLOSED,LIGHT_AUTO,WIPER_SWITCH_AUTO
66400,1,GEAR_D,ENGINE_ON,20000,0,DOOR_CLOSED,DOOR_OPEN,DOOR_CLOSED,DOOR_CLOSED,LIGHT_AUTO,WIPER_SWITCH_AUTO
66500,1,GEAR_D,ENGINE_ON,20000,0,DOOR_CLOSED,DOOR_CLOSED,DOOR_OPEN,DOOR_CLOSED,LIGHT_AUTO,WIPER_SWITCH_AUTO
66600,1,GEAR_D,ENGINE_ON,20000,0,DOOR_CLOSED,DOOR_CLOSED,DOOR_OPEN,DOOR_CLOSED,LIGHT_AUTO,WIPER_SWITCH_AUTO
66700,1,GEAR_D,ENGINE_ON,20000,0,DOOR_CLOSED,DOOR_CLOSED,DOOR_OPEN,DOOR_CLOSED,LIGHT_AUTO,WIPER_SWITCH_AUTO
66800,1,GEAR_D,ENGINE_ON,20000,0,DOOR_CLOSED,DOOR_CLOSED,DOOR_OPEN,DOOR_CLOSED,LIGHT_AUTO,WIPER_SWITCH_AUTO
66900,1,GEAR_D,ENGINE_ON,20000,0,DOOR_CLOSED,DOOR_CLOSED,DOOR_OPEN,DOOR_CLOSED,LIGHT_AUTO,WIPER_SWITCH_AUTO
67000,1,GEAR_D,ENGINE_ON,20000,0,DOOR_CLOSED,DOOR_CLOSED,DOOR_OPEN,DOOR_CLOSED,LIGHT_AUTO,WIPER_SWITCH_AUTO
67100,1,GEAR_D,ENGINE_ON,20000,0,DOOR_CLOSED,DOOR_CLOSED,DOOR_OPEN,DOOR_CLOSED,LIGHT_AUTO,WIPER_SWITCH_AUTO
67200,1,GEAR_D,ENGINE_ON,20000,0,DOOR_CLOSED,DOOR_CLOSED,DOOR_OPEN,DOOR_CLOSED,LIGHT_AUTO,WIPER_SWITCH_AUTO
67300,1,GEAR_D,ENGINE_ON,20000,0,DOOR_CLOSED,DOOR_CLOSED,DOOR_OPEN,DOOR_CLOSED,LIGHT_AUTO,WIPER_SWITCH_AUTO
67400,1,GEAR_D,ENGINE_ON,20000,0,DOOR_CLOSED,DOOR_CLOSED,DOOR_OPEN,DOOR_CLOSED,LIGHT_AUTO,WIPER_SWITCH_AUTO
67500,1,GEAR_D,ENGINE_ON,20000,0,DOOR_CLOSED,DOOR_CLOSED,DOOR_CLOSED,DOOR_OPEN,LIGHT_AUTO,WIPER_SWITCH_AUTO
67600,1,GEAR_D,ENGINE_ON,20000,0,DOOR_CLOSED,DOOR_CLOSED,DOOR_CLOSED,DOOR_OPEN,LIGHT_AUTO,WIPER_SWITCH_AUTO
67700,1,GEAR_D,ENGINE_ON,20000,0,DOOR_CLOSED,DOOR_CLOSED,DOOR_CLOSED,DOOR_OPEN,LIGHT_AUTO,WIPER_SWITCH_AUTO
67800,1,GEAR_D,ENGINE_ON,20000,0,DOOR_CLOSED,DOOR_CLOSED,DOOR_CLOSED,DOOR_OPEN,LIGHT_AUTO,WIPER_SWITCH_AUTO
67900,1,GEAR_D,ENGINE_ON,20000,0,DOOR_CLOSED,DOOR_CLOSED,DOOR_CLOSED,DOOR_OPEN,LIGHT_AUTO,WIPER_SWITCH_AUTO
68000,1,GEAR_D,ENGINE_ON,20000,0,DOOR_CLOSED,DOOR_CLOSED,DOOR_CLOSED,DOOR_OPEN,LIGHT_AUTO,WIPER_SWITCH_AUTO
68100,1,GEAR_D,ENGINE_ON,20000,0,DOOR_CLOSED,DOOR_CLOSED,DOOR_CLOSED,DOOR_OPEN,LIGHT_AUTO,WIPER_SWITCH_AUTO
68200,1,GEAR_D,ENGINE_ON,20000,0,DOOR_CLOSED,DOOR_CLOSED,DOOR_CLOSED,DOOR_OPEN,LIGHT_AUTO,WIPER_SWITCH_AUTO
68300,1,GEAR_D,ENGINE_ON,20000,0,DOOR_CLOSED,DOOR_CLOSED,DOOR_CLOSED,DOOR_OPEN,LIGHT_AUTO,WIPER_SWITCH_AUTO
68400,1,GEAR_D,ENGINE_ON,20000,0,DOOR_CLOSED,DOOR_CLOSED,DOOR_CLOSED,DOOR_OPEN,LIGHT_AUTO,WIPER_SWITCH_AUTO
68500,1,GEAR_D,ENGINE_ON,20000,0,DOOR_OPEN,DOOR_OPEN,DOOR_OPEN,DOOR_OPEN,LIGHT_AUTO,WIPER_SWITCH_AUTO
68600,1,GEAR_D,ENGINE_ON,20000,0,DOOR_OPEN,DOOR_OPEN,DOOR_OPEN,DOOR_OPEN,LIGHT_AUTO,WIPER_SWITCH_AUTO
68700,1,GEAR_D,ENGINE_ON,20000,0,DOOR_OPEN,DOOR_OPEN,DOOR_OPEN,DOOR_OPEN,LIGHT_AUTO,WIPER_SWITCH_AUTO
68800,1,GEAR_D,ENGINE_ON,20000,0,DOOR_OPEN,DOOR_OPEN,DOOR_OPEN,DOOR_OPEN,LIGHT_AUTO,WIPER_SWITCH_AUTO
68900,1,GEAR_D,ENGINE_ON,20000,0,DOOR_OPEN,DOOR_OPEN,DOOR_OPEN,DOOR_OPEN,LIGHT_AUTO,WIPER_SWITCH_AUTO
69000,1,GEAR_D,ENGINE_ON,20000,0,DOOR_OPEN,DOOR_OPEN,DOOR_OPEN,DOOR_OPEN,LIGHT_AUTO,WIPER_SWITCH_AUTO
69100,1,GEAR_D,ENGINE_ON,20000,0,DOOR_OPEN,DOOR_OPEN,DOOR_OPEN,DOOR_OPEN,LIGHT_AUTO,WIPER_SWITCH_AUTO
69200,1,GEAR_D,ENGINE_ON,20000,0,DOOR_OPEN,DOOR_OPEN,DOOR_OPEN,DOOR_OPEN,LIGHT_AUTO,WIPER_SWITCH_AUTO
69300,1,GEAR_D,ENGINE_ON,20000,0,DOOR_OPEN,DOOR_OPEN,DOOR_OPEN,DOOR_OPEN,LIGHT_AUTO,WIPER_SWITCH_AUTO
69400,1,GEAR_D,ENGINE_ON,20000,0,DOOR_OPEN,DOOR_OPEN,DOOR_OPEN,DOOR_OPEN,LIGHT_AUTO,WIPER_SWITCH_AUTO
69500,251,GEAR_D,ENGINE_ON,20000,0,DOOR_OPEN,DOOR_OPEN,DOOR_OPEN,DOOR_OPEN,LIGHT_AUTO,WIPER_SWITCH_AUTO
69600,251,GEAR_D,ENGINE_ON,20000,0,DOOR_OPEN,DOOR_OPEN,DOOR_OPEN,DOOR_OPEN,LIGHT_AUTO,WIPER_SWITCH_AUTO
69700,251,GEAR_D,ENGINE_ON,20000,0,DOOR_OPEN,DOOR_OPEN,DOOR_OPEN,DOOR_OPEN,LIGHT_AUTO,WIPER_SWITCH_AUTO
69800,251,GEAR_D,ENGINE_ON,20000,0,DOOR_OPEN,DOOR_OPEN,DOOR_OPEN,DOOR_OPEN,LIGHT_AUTO,WIPER_SWITCH_AUTO
69900,251,GEAR_D,ENGINE_ON,20000,0,DOOR_OPEN,DOOR_OPEN,DOOR_OPEN,DOOR_OPEN,LIGHT_AUTO,WIPER_SWITCH_AUTO
70000,251,GEAR_D,ENGINE_ON,20000,0,DOOR_OPEN,DOOR_OPEN,DOOR_OPEN,DOOR_OPEN,LIGHT_AUTO,WIPER_SWITCH_AUTO
70100,251,GEAR_D,ENGINE_ON,20000,0,DOOR_OPEN,DOOR_OPEN,DOOR_OPEN,DOOR_OPEN,LIGHT_AUTO,WIPER_SWITCH_AUTO
70200,251,GEAR_D,ENGINE_ON,20000,0,DOOR_OPEN,DOOR_OPEN,DOOR_OPEN,DOOR_OPEN,LIGHT_AUTO,WIPER_SWITCH_AUTO
70300,251,GEAR_D,ENGINE_ON,20000,0,DOOR_OPEN,DOOR_OPEN,DOOR_OPEN,DOOR_OPEN,LIGHT_AUTO,WIPER_SWITCH_AUTO
70400,251,GEAR_D,ENGINE_ON,20000,0,DOOR_OPEN,DOOR_OPEN,DOOR_OPEN,DOOR_OPEN,LIGHT_AUTO,WIPER_SWITCH_AUTO
70500,250,GEAR_D,ENGINE_ON,20000,0,DOOR_OPEN,DOOR_OPEN,DOOR_OPEN,DOOR_OPEN,LIGHT_AUTO,WIPER_SWITCH_AUTO
70600,250,GEAR_D,ENGINE_ON,20000,0,DOOR_OPEN,DOOR_OPEN,DOOR_OPEN,DOOR_OPEN,LIGHT_AUTO,WIPER_SWITCH_AUTO
70700,250,GEAR_D,ENGINE_ON,20000,0,DOOR_OPEN,DOOR_OPEN,DOOR_OPEN,DOOR_OPEN,LIGHT_AUTO,WIPER_SWITCH_AUTO
70800,250,GEAR_D,ENGINE_ON,20000,0,DOOR_OPEN,DOOR_OPEN,DOOR_OPEN,DOOR_OPEN,LIGHT_AUTO,WIPER_SWITCH_AUTO
70900,250,GEAR_D,ENGINE_ON,20000,0,DOOR_OPEN,DOOR_OPEN,DOOR_OPEN,DOOR_OPEN,LIGHT_AUTO,WIPER_SWITCH_AUTO
71000,250,GEAR_D,ENGINE_ON,20000,0,DOOR_OPEN,DOOR_OPEN,DOOR_OPEN,DOOR_OPEN,LIGHT_AUTO,WIPER_SWITCH_AUTO
71100,250,GEAR_D,ENGINE_ON,20000,0,DOOR_OPEN,DOOR_OPEN,DOOR_OPEN,DOOR_OPEN,LIGHT_AUTO,WIPER_SWITCH_AUTO
71200,250,GEAR_D,ENGINE_ON,20000,0,DOOR_OPEN,DOOR_OPEN,DOOR_OPEN,DOOR_OPEN,LIGHT_AUTO,WIPER_SWITCH_AUTO
71300,250,GEAR_D,ENGINE_ON,20000,0,DOOR_OPEN,DOOR_OPEN,DOOR_OPEN,DOOR_OPEN,LIGHT_AUTO,WIPER_SWITCH_AUTO
71400,250,GEAR_D,ENGINE_ON,20000,0,DOOR_OPEN,DOOR_OPEN,DOOR_OPEN,DOOR_OPEN,LIGHT_AUTO,WIPER_SWITCH_AUTO
71500,30,GEAR_D,ENGINE_ON,20000,0,DOOR_CLOSED,DOOR_CLOSED,DOOR_CLOSED,DOOR_CLOSED,LIGHT_AUTO,WIPER_SWITCH_AUTO
71600,30,GEAR_D,ENGINE_ON,20000,0,DOOR_CLOSED,DOOR_CLOSED,DOOR_CLOSED,DOOR_CLOSED,LIGHT_AUTO,WIPER_SWITCH_AUTO
71700,30,GEAR_D,ENGINE_ON,20000,0,DOOR_CLOSED,DOOR_CLOSED,DOOR_CLOSED,DOOR_CLOSED,LIGHT_AUTO,WIPER_SWITCH_AUTO
71800,30,GEAR_D,ENGINE_ON,20000,0,DOOR_CLOSED,DOOR_CLOSED,DOOR_CLOSED,DOOR_CLOSED,LIGHT_AUTO,WIPER_SWITCH_AUTO
71900,30,GEAR_D,ENGINE_ON,20000,0,DOOR_CLOSED,DOOR_CLOSED,DOOR_CLOSED,DOOR_CLOSED,LIGHT_AUTO,WIPER_SWITCH_AUTO
72000,30,GEAR_D,ENGINE_ON,20000,0,DOOR_CLOSED,DOOR_CLOSED,DOOR_CLOSED,DOOR_CLOSED,LIGHT_AUTO,WIPER_SWITCH_AUTO
72100,30,GEAR_D,ENGINE_ON,20000,0,DOOR_CLOSED,DOOR_CLOSED,DOOR_CLOSED,DOOR_CLOSED,LIGHT_AUTO,WIPER_SWITCH_AUTO
72200,30,GEAR_D,ENGINE_ON,20000,0,DOOR_CLOSED,DOOR_CLOSED,DOOR_CLOSED,DOOR_CLOSED,LIGHT_AUTO,WIPER_SWITCH_AUTO
72300,30,GEAR_D,ENGINE_ON,20000,0,DOOR_CLOSED,DOOR_CLOSED,DOOR_CLOSED,DOOR_CLOSED,LIGHT_AUTO,WIPER_SWITCH_AUTO
72400,30,GEAR_D,ENGINE_ON,20000,0,DOOR_CLOSED,DOOR_CLOSED,DOOR_CLOSED,DOOR_CLOSED,LIGHT_AUTO,WIPER_SWITCH_AUTO
72500,30,GEAR_D,ENGINE_ON,-1,101,DOOR_CLOSED,DOOR_CLOSED,DOOR_CLOSED,DOOR_OPEN,LIGHT_AUTO,WIPER_SWITCH_AUTO
72600,30,GEAR_D,ENGINE_ON,-1,101,DOOR_CLOSED,DOOR_CLOSED,DOOR_CLOSED,DOOR_OPEN,LIGHT_AUTO,WIPER_SWITCH_AUTO
72700,30,GEAR_D,ENGINE_ON,-1,101,DOOR_CLOSED,DOOR_CLOSED,DOOR_CLOSED,DOOR_OPEN,LIGHT_AUTO,WIPER_SWITCH_AUTO
72800,30,GEAR_D,ENGINE_ON,-1,101,DOOR_CLOSED,DOOR_CLOSED,DOOR_CLOSED,DOOR_OPEN,LIGHT_AUTO,WIPER_SWITCH_AUTO
72900,30,GEAR_D,ENGINE_ON,-1,101,DOOR_CLOSED,DOOR_CLOSED,DOOR_CLOSED,DOOR_OPEN,LIGHT_AUTO,WIPER_SWITCH_AUTO
73000,30,GEAR_D,ENGINE_ON,-1,101,DOOR_CLOSED,DOOR_CLOSED,DOOR_CLOSED,DOOR_OPEN,LIGHT_AUTO,WIPER_SWITCH_AUTO
73100,30,GEAR_D,ENGINE_ON,-1,101,DOOR_CLOSED,DOOR_CLOSED,DOOR_CLOSED,DOOR_OPEN,LIGHT_AUTO,WIPER_SWITCH_AUTO
73200,30,GEAR_D,ENGINE_ON,-1,101,DOOR_CLOSED,DOOR_CLOSED,DOOR_CLOSED,DOOR_OPEN,LIGHT_AUTO,WIPER_SWITCH_AUTO
73300,30,GEAR_D,ENGINE_ON,-1,101,DOOR_CLOSED,DOOR_CLOSED,DOOR_CLOSED,DOOR_OPEN,LIGHT_AUTO,WIPER_SWITCH_AUTO
73400,30,GEAR_D,ENGINE_ON,-1,101,DOOR_CLOSED,DOOR_CLOSED,DOOR_CLOSED,DOOR_OPEN,LIGHT_AUTO,WIPER_SWITCH_AUTO
73500,30,GEAR_D,ENGINE_ON,-1,101,DOOR_CLOSED,DOOR_CLOSED,DOOR_CLOSED,DOOR_CLOSED,LIGHT_AUTO,WIPER_SWITCH_AUTO
73600,30,GEAR_D,ENGINE_ON,-1,101,DOOR_CLOSED,DOOR_CLOSED,DOOR_CLOSED,DOOR_CLOSED,LIGHT_AUTO,WIPER_SWITCH_AUTO
73700,30,GEAR_D,ENGINE_ON,-1,101,DOOR_CLOSED,DOOR_CLOSED,DOOR_CLOSED,DOOR_CLOSED,LIGHT_AUTO,WIPER_SWITCH_AUTO
73800,30,GEAR_D,ENGINE_ON,-1,101,DOOR_CLOSED,DOOR_CLOSED,DOOR_CLOSED,DOOR_CLOSED,LIGHT_AUTO,WIPER_SWITCH_AUTO
73900,30,GEAR_D,ENGINE_ON,-1,101,DOOR_CLOSED,DOOR_CLOSED,DOOR_CLOSED,DOOR_CLOSED,LIGHT_AUTO,WIPER_SWITCH_AUTO
74000,30,GEAR_D,ENGINE_ON,-1,101,DOOR_CLOSED,DOOR_CLOSED,DOOR_CLOSED,DOOR_CLOSED,LIGHT_AUTO,WIPER_SWITCH_AUTO
74100,30,GEAR_D,ENGINE_ON,-1,101,DOOR_CLOSED,DOOR_CLOSED,DOOR_CLOSED,DOOR_CLOSED,LIGHT_AUTO,WIPER_SWITCH_AUTO
74200,30,GEAR_D,ENGINE_ON,-1,101,DOOR_CLOSED,DOOR_CLOSED,DOOR_CLOSED,DOOR_CLOSED,LIGHT_AUTO,WIPER_SWITCH_AUTO
74300,30,GEAR_D,ENGINE_ON,-1,101,DOOR_CLOSED,DOOR_CLOSED,DOOR_CLOSED,DOOR_CLOSED,LIGHT_AUTO,WIPER_SWITCH_AUTO
74400,30,GEAR_D,ENGINE_ON,-1,101,DOOR_CLOSED,DOOR_CLOSED,DOOR_CLOSED,DOOR_CLOSED,LIGHT_AUTO,WIPER_SWITCH_AUTO
74500,30,GEAR_D,ENGINE_ON,20000,101,DOOR_CLOSED,DOOR_CLOSED,DOOR_CLOSED,DOOR_CLOSED,LIGHT_AUTO,WIPER_SWITCH_AUTO
74600,30,GEAR_D,ENGINE_ON,20000,101,DOOR_CLOSED,DOOR_CLOSED,DOOR_CLOSED,DOOR_CLOSED,LIGHT_AUTO,WIPER_SWITCH_AUTO
74700,30,GEAR_D,ENGINE_ON,20000,101,DOOR_CLOSED,DOOR_CLOSED,DOOR_CLOSED,DOOR_CLOSED,LIGHT_AUTO,WIPER_SWITCH_AUTO
74800,30,GEAR_D,ENGINE_ON,20000,101,DOOR_CLOSED,DOOR_CLOSED,DOOR_CLOSED,DOOR_CLOSED,LIGHT_AUTO,WIPER_SWITCH_AUTO
74900,30,GEAR_D,ENGINE_ON,20000,101,DOOR_CLOSED,DOOR_CLOSED,DOOR_CLOSED,DOOR_CLOSED,LIGHT_AUTO,WIPER_SWITCH_AUTO
75000,30,GEAR_D,ENGINE_ON,20000,101,DOOR_CLOSED,DOOR_CLOSED,DOOR_CLOSED,DOOR_CLOSED,LIGHT_AUTO,WIPER_SWITCH_AUTO
75100,30,GEAR_D,ENGINE_ON,20000,101,DOOR_CLOSED,DOOR_CLOSED,DOOR_CLOSED,DOOR_CLOSED,LIGHT_AUTO,WIPER_SWITCH_AUTO
75200,30,GEAR_D,ENGINE_ON,20000,101,DOOR_CLOSED,DOOR_CLOSED,DOOR_CLOSED,DOOR_CLOSED,LIGHT_AUTO,WIPER_SWITCH_AUTO
75300,30,GEAR_D,ENGINE_ON,20000,101,DOOR_CLOSED,DOOR_CLOSED,DOOR_CLOSED,DOOR_CLOSED,LIGHT_AUTO,WIPER_SWITCH_AUTO
75400,30,GEAR_D,ENGINE_ON,20000,101,DOOR_CLOSED,DOOR_CLOSED,DOOR_CLOSED,DOOR_CLOSED,LIGHT_AUTO,WIPER_SWITCH_AUTO
75500,30,GEAR_D,ENGINE_ON,20000,0,DOOR_CLOSED,DOOR_CLOSED,DOOR_CLOSED,DOOR_CLOSED,LIGHT_AUTO,WIPER_SWITCH_AUTO
75600,30,GEAR_D,ENGINE_ON,20000,0,DOOR_CLOSED,DOOR_CLOSED,DOOR_CLOSED,DOOR_CLOSED,LIGHT_AUTO,WIPER_SWITCH_AUTO
75700,30,GEAR_D,ENGINE_ON,20000,0,DOOR_CLOSED,DOOR_CLOSED,DOOR_CLOSED,DOOR_CLOSED,LIGHT_AUTO,WIPER_SWITCH_AUTO
75800,30,GEAR_D,ENGINE_ON,20000,0,DOOR_CLOSED,DOOR_CLOSED,DOOR_CLOSED,DOOR_CLOSED,LIGHT_AUTO,WIPER_SWITCH_AUTO
75900,30,GEAR_D,ENGINE_ON,20000,0,DOOR_CLOSED,DOOR_CLOSED,DOOR_CLOSED,DOOR_CLOSED,LIGHT_AUTO,WIPER_SWITCH_AUTO
76000,30,GEAR_D,ENGINE_ON,20000,0,DOOR_CLOSED,DOOR_CLOSED,DOOR_CLOSED,DOOR_CLOSED,LIGHT_AUTO,WIPER_SWITCH_AUTO
76100,30,GEAR_D,ENGINE_ON,20000,0,DOOR_CLOSED,DOOR_CLOSED,DOOR_CLOSED,DOOR_CLOSED,LIGHT_AUTO,WIPER_SWITCH_AUTO
76200,30,GEAR_D,ENGINE_ON,20000,0,DOOR_CLOSED,DOOR_CLOSED,DOOR_CLOSED,DOOR_CLOSED,LIGHT_AUTO,WIPER_SWITCH_AUTO
76300,30,GEAR_D,ENGINE_ON,20000,0,DOOR_CLOSED,DOOR_CLOSED,DOOR_CLOSED,DOOR_CLOSED,LIGHT_AUTO,WIPER_SWITCH_AUTO
76400,30,GEAR_D,ENGINE_ON,20000,0,DOOR_CLOSED,DOOR_CLOSED,DOOR_CLOSED,DOOR_CLOSED,LIGHT_AUTO,WIPER_SWITCH_AUTO
76500,,GEAR_D,ENGINE_ON,20000,0,DOOR_CLOSED,DOOR_CLOSED,DOOR_CLOSED,DOOR_CLOSED,LIGHT_ON,WIPER_SWITCH_LOW
76600,,GEAR_D,ENGINE_ON,20000,0,DOOR_CLOSED,DOOR_CLOSED,DOOR_CLOSED,DOOR_CLOSED,LIGHT_ON,WIPER_SWITCH_LOW
76700,,GEAR_D,ENGINE_ON,20000,0,DOOR_CLOSED,DOOR_CLOSED,DOOR_CLOSED,DOOR_CLOSED,LIGHT_ON,WIPER_SWITCH_LOW
76800,,GEAR_D,ENGINE_ON,20000,0,DOOR_CLOSED,DOOR_CLOSED,DOOR_CLOSED,DOOR_CLOSED,LIGHT_ON,WIPER_SWITCH_LOW
76900,,GEAR_D,ENGINE_ON,20000,0,DOOR_CLOSED,DOOR_CLOSED,DOOR_CLOSED,DOOR_CLOSED,LIGHT_ON,WIPER_SWITCH_LOW
77000,,GEAR_D,ENGINE_ON,20000,0,DOOR_CLOSED,DOOR_CLOSED,DOOR_CLOSED,DOOR_CLOSED,LIGHT_ON,WIPER_SWITCH_LOW
77100,30,GEAR_D,ENGINE_ON,20000,0,DOOR_CLOSED,DOOR_CLOSED,DOOR_CLOSED,DOOR_CLOSED,LIGHT_ON,WIPER_SWITCH_LOW
77200,30,GEAR_D,ENGINE_ON,20000,0,DOOR_CLOSED,DOOR_CLOSED,DOOR_CLOSED,DOOR_CLOSED,LIGHT_ON,WIPER_SWITCH_LOW
77300,30,GEAR_D,ENGINE_ON,20000,0,DOOR_CLOSED,DOOR_CLOSED,DOOR_CLOSED,DOOR_CLOSED,LIGHT_ON,WIPER_SWITCH_LOW
77400,30,GEAR_D,ENGINE_ON,20000,0,DOOR_CLOSED,DOOR_CLOSED,DOOR_CLOSED,DOOR_CLOSED,LIGHT_ON,WIPER_SWITCH_LOW
77500,30,GEAR_D,ENGINE_ON,20000,0,DOOR_CLOSED,DOOR_CLOSED,DOOR_CLOSED,DOOR_CLOSED,LIGHT_ON,WIPER_SWITCH_LOW
77600,30,GEAR_D,ENGINE_ON,20000,0,DOOR_CLOSED,DOOR_CLOSED,DOOR_CLOSED,DOOR_CLOSED,LIGHT_ON,WIPER_SWITCH_LOW
77700,30,GEAR_D,ENGINE_ON,20000,0,DOOR_CLOSED,DOOR_CLOSED,DOOR_CLOSED,DOOR_CLOSED,LIGHT_ON,WIPER_SWITCH_LOW
77800,30,GEAR_D,ENGINE_ON,20000,0,DOOR_CLOSED,DOOR_CLOSED,DOOR_CLOSED,DOOR_CLOSED,LIGHT_ON,WIPER_SWITCH_LOW
77900,30,GEAR_D,ENGINE_ON,20000,0,DOOR_CLOSED,DOOR_CLOSED,DOOR_CLOSED,DOOR_CLOSED,LIGHT_ON,WIPER_SWITCH_LOW
78000,30,GEAR_D,ENGINE_ON,20000,0,DOOR_CLOSED,DOOR_CLOSED,DOOR_CLOSED,DOOR_CLOSED,LIGHT_ON,WIPER_SWITCH_LOW
78100,30,,ENGINE_ON,20000,0,DOOR_CLOSED,DOOR_CLOSED,DOOR_CLOSED,DOOR_CLOSED,LIGHT_ON,WIPER_SWITCH_LOW
78200,30,,ENGINE_ON,20000,0,DOOR_CLOSED,DOOR_CLOSED,DOOR_CLOSED,DOOR_CLOSED,LIGHT_ON,WIPER_SWITCH_LOW
78300,30,,ENGINE_ON,20000,0,DOOR_CLOSED,DOOR_CLOSED,DOOR_CLOSED,DOOR_CLOSED,LIGHT_ON,WIPER_SWITCH_LOW
78400,30,,ENGINE_ON,20000,0,DOOR_CLOSED,DOOR_CLOSED,DOOR_CLOSED,DOOR_CLOSED,LIGHT_ON,WIPER_SWITCH_LOW
78500,30,,ENGINE_ON,20000,0,DOOR_CLOSED,DOOR_CLOSED,DOOR_CLOSED,DOOR_CLOSED,LIGHT_ON,WIPER_SWITCH_LOW
78600,30,,ENGINE_ON,20000,0,DOOR_CLOSED,DOOR_CLOSED,DOOR_CLOSED,DOOR_CLOSED,LIGHT_ON,WIPER_SWITCH_LOW
78700,30,GEAR_D,ENGINE_ON,20000,0,DOOR_CLOSED,DOOR_CLOSED,DOOR_CLOSED,DOOR_CLOSED,LIGHT_ON,WIPER_SWITCH_LOW
78800,30,GEAR_D,ENGINE_ON,20000,0,DOOR_CLOSED,DOOR_CLOSED,DOOR_CLOSED,DOOR_CLOSED,LIGHT_ON,WIPER_SWITCH_LOW
78900,30,GEAR_D,ENGINE_ON,20000,0,DOOR_CLOSED,DOOR_CLOSED,DOOR_CLOSED,DOOR_CLOSED,LIGHT_ON,WIPER_SWITCH_LOW
79000,30,GEAR_D,ENGINE_ON,20000,0,DOOR_CLOSED,DOOR_CLOSED,DOOR_CLOSED,DOOR_CLOSED,LIGHT_ON,WIPER_SWITCH_LOW
79100,30,GEAR_D,ENGINE_ON,20000,0,DOOR_CLOSED,DOOR_CLOSED,DOOR_CLOSED,DOOR_CLOSED,LIGHT_ON,WIPER_SWITCH_LOW
79200,30,GEAR_D,ENGINE_ON,20000,0,DOOR_CLOSED,DOOR_CLOSED,DOOR_CLOSED,DOOR_CLOSED,LIGHT_ON,WIPER_SWITCH_LOW
79300,30,GEAR_D,ENGINE_ON,20000,0,DOOR_CLOSED,DOOR_CLOSED,DOOR_CLOSED,DOOR_CLOSED,LIGHT_ON,WIPER_SWITCH_LOW
79400,30,GEAR_D,ENGINE_ON,20000,0,DOOR_CLOSED,DOOR_CLOSED,DOOR_CLOSED,DOOR_CLOSED,LIGHT_ON,WIPER_SWITCH_LOW
79500,30,GEAR_D,ENGINE_ON,20000,0,DOOR_CLOSED,DOOR_CLOSED,DOOR_CLOSED,DOOR_CLOSED,LIGHT_ON,WIPER_SWITCH_LOW
79600,30,GEAR_D,ENGINE_ON,20000,0,DOOR_CLOSED,DOOR_CLOSED,DOOR_CLOSED,DOOR_CLOSED,LIGHT_ON,WIPER_SWITCH_LOW
79700,30,GEAR_D,,20000,0,DOOR_CLOSED,DOOR_CLOSED,DOOR_CLOSED,DOOR_CLOSED,LIGHT_ON,WIPER_SWITCH_LOW
79800,30,GEAR_D,,20000,0,DOOR_CLOSED,DOOR_CLOSED,DOOR_CLOSED,DOOR_CLOSED,LIGHT_ON,WIPER_SWITCH_LOW
79900,30,GEAR_D,,20000,0,DOOR_CLOSED,DOOR_CLOSED,DOOR_CLOSED,DOOR_CLOSED,LIGHT_ON,WIPER_SWITCH_LOW
80000,30,GEAR_D,,20000,0,DOOR_CLOSED,DOOR_CLOSED,DOOR_CLOSED,DOOR_CLOSED,LIGHT_ON,WIPER_SWITCH_LOW
80100,30,GEAR_D,,20000,0,DOOR_CLOSED,DOOR_CLOSED,DOOR_CLOSED,DOOR_CLOSED,LIGHT_ON,WIPER_SWITCH_LOW
80200,30,GEAR_D,,20000,0,DOOR_CLOSED,DOOR_CLOSED,DOOR_CLOSED,DOOR_CLOSED,LIGHT_ON,WIPER_SWITCH_LOW
80300,30,GEAR_D,ENGINE_ON,20000,0,DOOR_CLOSED,DOOR_CLOSED,DOOR_CLOSED,DOOR_CLOSED,LIGHT_ON,WIPER_SWITCH_LOW
80400,30,GEAR_D,ENGINE_ON,20000,0,DOOR_CLOSED,DOOR_CLOSED,DOOR_CLOSED,DOOR_CLOSED,LIGHT_ON,WIPER_SWITCH_LOW
80500,30,GEAR_D,ENGINE_ON,20000,0,DOOR_CLOSED,DOOR_CLOSED,DOOR_CLOSED,DOOR_CLOSED,LIGHT_ON,WIPER_SWITCH_LOW
80600,30,GEAR_D,ENGINE_ON,20000,0,DOOR_CLOSED,DOOR_CLOSED,DOOR_CLOSED,DOOR_CLOSED,LIGHT_ON,WIPER_SWITCH_LOW
80700,30,GEAR_D,ENGINE_ON,20000,0,DOOR_CLOSED,DOOR_CLOSED,DOOR_CLOSED,DOOR_CLOSED,LIGHT_ON,WIPER_SWITCH_LOW
80800,30,GEAR_D,ENGINE_ON,20000,0,DOOR_CLOSED,DOOR_CLOSED,DOOR_CLOSED,DOOR_CLOSED,LIGHT_ON,WIPER_SWITCH_LOW
80900,30,GEAR_D,ENGINE_ON,20000,0,DOOR_CLOSED,DOOR_CLOSED,DOOR_CLOSED,DOOR_CLOSED,LIGHT_ON,WIPER_SWITCH_LOW
81000,30,GEAR_D,ENGINE_ON,20000,0,DOOR_CLOSED,DOOR_CLOSED,DOOR_CLOSED,DOOR_CLOSED,LIGHT_ON,WIPER_SWITCH_LOW
81100,30,GEAR_D,ENGINE_ON,20000,0,DOOR_CLOSED,DOOR_CLOSED,DOOR_CLOSED,DOOR_CLOSED,LIGHT_ON,WIPER_SWITCH_LOW
81200,30,GEAR_D,ENGINE_ON,20000,0,DOOR_CLOSED,DOOR_CLOSED,DOOR_CLOSED,DOOR_CLOSED,LIGHT_ON,WIPER_SWITCH_LOW
81300,0,GEAR_P,ENGINE_ON,20000,0,DOOR_CLOSED,DOOR_CLOSED,DOOR_CLOSED,DOOR_CLOSED,LIGHT_ON,WIPER_SWITCH_LOW
81400,0,GEAR_P,ENGINE_ON,20000,0,DOOR_CLOSED,DOOR_CLOSED,DOOR_CLOSED,DOOR_CLOSED,LIGHT_ON,WIPER_SWITCH_LOW
81500,0,GEAR_P,ENGINE_ON,20000,0,DOOR_CLOSED,DOOR_CLOSED,DOOR_CLOSED,DOOR_CLOSED,LIGHT_ON,WIPER_SWITCH_LOW
81600,0,GEAR_P,ENGINE_ON,20000,0,DOOR_CLOSED,DOOR_CLOSED,DOOR_CLOSED,DOOR_CLOSED,LIGHT_ON,WIPER_SWITCH_LOW
81700,0,GEAR_P,ENGINE_ON,20000,0,DOOR_CLOSED,DOOR_CLOSED,DOOR_CLOSED,DOOR_CLOSED,LIGHT_ON,WIPER_SWITCH_LOW
81800,0,GEAR_P,ENGINE_ON,20000,0,DOOR_CLOSED,DOOR_CLOSED,DOOR_CLOSED,DOOR_CLOSED,LIGHT_ON,WIPER_SWITCH_LOW
81900,0,GEAR_P,ENGINE_ON,20000,0,DOOR_CLOSED,DOOR_CLOSED,DOOR_CLOSED,DOOR_CLOSED,LIGHT_ON,WIPER_SWITCH_LOW
82000,0,GEAR_P,ENGINE_ON,20000,0,DOOR_CLOSED,DOOR_CLOSED,DOOR_CLOSED,DOOR_CLOSED,LIGHT_ON,WIPER_SWITCH_LOW
82100,0,GEAR_P,ENGINE_ON,20000,0,DOOR_CLOSED,DOOR_CLOSED,DOOR_CLOSED,DOOR_CLOSED,LIGHT_ON,WIPER_SWITCH_LOW
82200,0,GEAR_P,ENGINE_ON,20000,0,DOOR_CLOSED,DOOR_CLOSED,DOOR_CLOSED,DOOR_CLOSED,LIGHT_ON,WIPER_SWITCH_LOW
82300,0,GEAR_P,ENGINE_OFF,20000,0,DOOR_CLOSED,DOOR_CLOSED,DOOR_CLOSED,DOOR_CLOSED,LIGHT_AUTO,WIPER_SWITCH_AUTO
82400,0,GEAR_P,ENGINE_OFF,20000,0,DOOR_CLOSED,DOOR_CLOSED,DOOR_CLOSED,DOOR_CLOSED,LIGHT_AUTO,WIPER_SWITCH_AUTO
82500,0,GEAR_P,ENGINE_OFF,20000,0,DOOR_CLOSED,DOOR_CLOSED,DOOR_CLOSED,DOOR_CLOSED,LIGHT_AUTO,WIPER_SWITCH_AUTO
82600,0,GEAR_P,ENGINE_OFF,20000,0,DOOR_CLOSED,DOOR_CLOSED,DOOR_CLOSED,DOOR_CLOSED,LIGHT_AUTO,WIPER_SWITCH_AUTO
82700,0,GEAR_P,ENGINE_OFF,20000,0,DOOR_CLOSED,DOOR_CLOSED,DOOR_CLOSED,DOOR_CLOSED,LIGHT_AUTO,WIPER_SWITCH_AUTO
82800,0,GEAR_P,ENGINE_OFF,20000,0,DOOR_CLOSED,DOOR_CLOSED,DOOR_CLOSED,DOOR_CLOSED,LIGHT_AUTO,WIPER_SWITCH_AUTO
82900,0,GEAR_P,ENGINE_OFF,20000,0,DOOR_CLOSED,DOOR_CLOSED,DOOR_CLOSED,DOOR_CLOSED,LIGHT_AUTO,WIPER_SWITCH_AUTO
83000,0,GEAR_P,ENGINE_OFF,20000,0,DOOR_CLOSED,DOOR_CLOSED,DOOR_CLOSED,DOOR_CLOSED,LIGHT_AUTO,WIPER_SWITCH_AUTO
83100,0,GEAR_P,ENGINE_OFF,20000,0,DOOR_CLOSED,DOOR_CLOSED,DOOR_CLOSED,DOOR_CLOSED,LIGHT_AUTO,WIPER_SWITCH_AUTO
83200,0,GEAR_P,ENGINE_OFF,20000,0,DOOR_CLOSED,DOOR_CLOSED,DOOR_CLOSED,DOOR_CLOSED,LIGHT_AUTO,WIPER_SWITCH_AUTO
